,Feature,Score
803,max_type_25L_nan,95415.50000589516
707,max_education_927M_nan,95415.50000589516
759,max_incometype_1044T_nan,95415.50000589516
791,max_role_1084L_nan,95415.50000589516
797,max_sex_738L_nan,95415.50000589516
763,max_language1_981M_nan,95415.50000589516
1016,max_financialinstitution_382M_a0fa072e,38165.67178083453
794,max_safeguarantyflag_411L_nan,38165.67178083453
80,pctinstlsallpaidlate1d_3546856L,2329.3864701652515
696,max_contaddr_matchlist_1032L_False,2278.1847473227863
700,max_contaddr_smempladdr_334L_nan,2278.184747308173
697,max_contaddr_matchlist_1032L_nan,2278.184747308173
81,pctinstlsallpaidlate4d_3546849L,2212.8061068988372
82,pctinstlsallpaidlate6d_3546844L,2076.9110079849243
79,pctinstlsallpaidlat10d_839L,1860.8740181767196
63,numinstlswithdpd10_728L,1205.1550933453725
78,pctinstlsallpaidearl3d_427L,1155.6620239153117
94,days120_123L,925.7106036387288
553,lastrejectreason_759M_a55475b1,908.6013942800158
98,days90_310L,897.8678093628282
543,lastrejectreason_759M_P45_84_106,890.6169692266147
95,days180_256L,878.2570391217117
568,lastrejectreasonclient_4145040M_a55475b1,874.432353721077
528,lastcancelreason_561M_P94_109_143,848.6785851522748
571,lastst_736L_D,816.4419482032184
567,lastrejectreasonclient_4145040M_P94_109_143,762.9782278359636
9,avgmaxdpdlast9m_3716943P,761.2465216329094
534,lastcancelreason_561M_a55475b1,736.1969193014532
77,numrejects9m_859L,731.5743816262361
99,numberofqueries_373L,699.1628636290062
97,days360_512L,699.1628636290062
56,mobilephncnt_593L,691.8160262525244
96,days30_165L,689.2559315532366
205,max_birth_259D,533.4342146845576
58,numcontrs3months_479L,503.3674571933165
186,max_maxdpdtolerance_577P,497.4980231379463
188,sum_maxdpdtolerance_577P,497.4900918636691
52,maxdpdtolerance_374P,481.176182104919
187,mean_maxdpdtolerance_577P,457.72611072764573
21,daysoverduetolerancedd_3976961L,453.67608179927646
93,dateofbirth_337D,442.54314222416974
7,avgdpdtolclosure24_3658938P,428.88621719074837
67,numinstpaidearly3d_3546850L,427.5951951890889
60,numinstlallpaidearly3d_817L,412.78578641260617
62,numinstlsallpaid_934L,398.09846550504864
45,maxdpdfrom6mto36m_3546853P,389.74132606924627
4,avgdbddpdlast24m_3658932P,378.8634002741517
69,numinstpaidearly_338L,377.71177744915843
38,lastrejectdate_50D,372.0257134188705
48,maxdpdlast24m_143P,355.00757595691147
172,max_employedfrom_700D,354.8856724787308
64,numinstlswithoutdpd_562L,349.60131036803983
173,mean_employedfrom_700D,348.817065189123
202,mean_tenor_203L,345.2266874731001
194,mean_pmtnum_8L,345.2266874731001
68,numinstpaidearly3dest_4493216L,342.85046733282354
65,numinstmatpaidtearly2d_4499204L,339.2624226792171
201,max_tenor_203L,331.09212026064995
193,max_pmtnum_8L,331.09212026064995
594,requesttype_4525192L_DEDUCTION_6,324.6949613817678
344,min_refreshdate_3813885D,311.50069860648296
47,maxdpdlast12m_727P,310.2719605592318
171,min_employedfrom_700D,304.8413622024213
54,mindbddpdlast24m_3658935P,298.2258249281979
51,maxdpdlast9m_1059P,281.05181950950754
185,min_maxdpdtolerance_577P,278.2677229403763
42,maxdbddpdtollast12m_3658940P,277.23014250622947
1,amtinstpaidbefduel24m_4187115A,266.52871808088213
19,datelastinstal40dpd_247D,265.1631690430048
756,max_incometype_1044T_RETIRED_PENSIONER,255.44927656291236
206,max_empl_employedfrom_271D,251.61382195274598
208,min_empl_employedfrom_271D,251.61382195274598
207,mean_empl_employedfrom_271D,251.61382195274598
26,firstclxcampaign_1125D,243.1033726669534
796,max_sex_738L_M,239.47718649962403
795,max_sex_738L_F,238.58660820178187
6,avgdbdtollast24m_4525197P,236.23509904925587
597,requesttype_4525192L_nan,234.11651806451502
57,monthsannuity_845L,224.41237279760958
614,max_education_1138M_a55475b1,222.4147870408535
573,lastst_736L_K,220.7818758391019
670,max_status_219L_D,215.52177968597692
83,pmtnum_254L,208.1405587840178
203,sum_tenor_203L,203.62285586952706
195,sum_pmtnum_8L,203.62285586952706
240,sum_amount_4527230A,195.15611494569256
1233,min_subjectroles_name_838M_a55475b1,194.9121629120903
1239,max_subjectroles_name_838M_nan,189.6987814704935
1223,min_subjectroles_name_541M_nan,189.6987814704935
1228,max_subjectroles_name_541M_nan,189.6987814704935
1234,min_subjectroles_name_838M_nan,189.6987814704935
1221,min_subjectroles_name_541M_a55475b1,189.0957905656404
1225,max_subjectroles_name_541M_ab3c25cf,185.5466118326449
55,mindbdtollast24m_4525191P,181.27721192163585
50,maxdpdlast6m_474P,180.76751768902622
399,ratio_queries_120,172.97164247781214
1236,max_subjectroles_name_838M_ab3c25cf,171.51246974483618
14,cntpmts24_3658933L,168.48729144112636
91,birthdate_574D,167.443548646084
190,mean_outstandingdebt_522A,166.431243981791
398,ratio_queries_90,165.4005652447834
43,maxdbddpdtollast6m_4187119P,164.01581210486322
552,lastrejectreason_759M_P99_56_166,163.59102027473565
755,max_incometype_1044T_PRIVATE_SECTOR_EMPLOYEE,163.55961254671251
375,mean_pmts_dpd_303P,162.3737661473443
896,max_contractst_964M_7241344e,153.74049269013577
688,max_conts_type_509L_nan,152.84481296094626
237,max_amount_4527230A,149.66930935924256
156,mean_currdebt_94A,149.35006556739975
608,max_credtype_587L_nan,148.655728918459
625,max_inittransactioncode_279L_nan,148.655728918459
680,max_status_219L_nan,148.34706377453122
615,max_education_1138M_nan,148.34706377453122
659,max_rejectreason_755M_nan,148.34706377453122
646,max_postype_4733339M_nan,148.34706377453122
630,max_isbidproduct_390L_nan,148.34706377453122
627,min_isbidproduct_390L_nan,148.34706377453122
668,max_rejectreasonclient_4145042M_nan,148.34706377453122
626,min_isbidproduct_390L_False,148.3470637745141
66,numinstpaid_4499208L,148.12155259251583
71,numinstregularpaid_973L,147.71828877388987
72,numinstregularpaidest_4493210L,147.63677436865893
581,lastst_736L_nan,146.67499529673483
59,numincomingpmts_3546848L,146.41232210953962
1206,max_purposeofcred_874M_96a8fdfe,146.25364556202393
777,max_relationshiptoclient_642T_FRIEND,144.96545582309253
766,max_relationshiptoclient_415T_FRIEND,144.96545582309253
236,count_num_group1_tax_registry_a,143.84048768413953
106,secondquarter_766L,142.62505526241142
619,max_familystate_726L_SINGLE,142.27079999774475
400,ratio_queries_180,141.60069277009637
698,max_contaddr_smempladdr_334L_False,139.74972028985405
685,max_conts_type_509L_PRIMARY_MOBILE,139.46651449824347
628,max_isbidproduct_390L_False,139.25623211936878
103,pmtssum_45A,139.01367263676897
168,min_dtlastpmtallstes_3545839D,136.34635604042631
22,disbursedcredamount_1113A,136.1314986427336
397,ratio_queries_30,133.16031070414778
134,sum_credacc_actualbalance_314A,128.54576600290227
5,avgdbddpdlast3m_4187120P,123.36922728102007
15,credamount_770A,117.64916104616881
666,max_rejectreasonclient_4145042M_P94_109_143,115.33320558384611
644,max_postype_4733339M_P67_102_161,113.50261896267634
75,numinstunpaidmax_3546851L,112.75509359094922
76,numinstunpaidmaxest_4493212L,111.92675466276906
551,lastrejectreason_759M_P94_109_143,111.49363846474144
345,mean_refreshdate_3813885D,110.69577273285469
73,numinsttopaygr_769L,109.4732223906841
238,mean_amount_4527230A,108.5477072527386
102,pmtscount_423L,108.37251703620406
44,maxdebt4_972A,108.1845871546536
84,price_1097A,106.26832365175719
153,sum_credamount_590A,106.096661620268
612,max_education_1138M_P33_146_175,105.62149710326031
728,max_empl_industry_691L_OTHER,104.66517074415374
736,max_empl_industry_691L_nan,104.0778468909085
74,numinsttopaygrest_4493213L,103.73778597208548
588,education_1103M_39a0853f,103.70319842739632
176,mean_firstnonzeroinstldate_307D,102.31568620416185
1002,max_description_351M_a55475b1,100.79198093146422
1192,min_purposeofcred_874M_5065c2b8,98.71136125738855
376,max_pmts_dpd_303P,98.12367544575525
585,description_5085714M_2fc785b2,98.05071590851051
710,max_empl_employedtotal_800L_MORE_ONE,96.87772597390317
711,max_empl_employedtotal_800L_nan,96.39065787679388
1171,min_purposeofcred_426M_60c73645,94.57637154931817
888,max_contractst_545M_a55475b1,94.54078167008768
256,sum_pmtamount_36A,94.4755319537171
920,max_contractst_964M_a55475b1,94.38847099302778
1181,max_purposeofcred_426M_a55475b1,92.85485867743338
814,max_classificationofcontr_13M_ea6782cc,92.75339805798701
1201,min_purposeofcred_874M_nan,92.48441773043157
1215,max_purposeofcred_874M_nan,92.48441773043157
895,max_contractst_545M_nan,92.48441773043157
1179,min_purposeofcred_426M_nan,92.48441773043157
1185,max_purposeofcred_426M_nan,92.48441773043157
1164,max_financialinstitution_591M_nan,92.48441773043157
1109,max_financialinstitution_382M_nan,92.48441773043157
1001,max_contractst_964M_nan,92.48441773043157
886,max_classificationofcontr_400M_nan,92.48441773043157
815,max_classificationofcontr_13M_nan,92.48441773043157
1004,max_description_351M_nan,92.48441773043157
586,description_5085714M_a55475b1,90.13766211818506
88,totaldebt_9A,89.72226808682782
16,currdebt_22A,89.41922240920543
25,eir_270L,89.39961312440133
30,interestrate_311L,89.39961312440133
165,min_dtlastpmt_581D,89.1078979225474
41,maxdbddpdlast1m_3658939P,88.98879000833341
107,thirdquarter_1082L,88.94066167360114
589,education_1103M_6b2ae0fa,88.68051354604687
184,sum_mainoccupationinc_437A,88.3223534847221
46,maxdpdinstldate_3546855D,88.31352052261288
130,mean_creationdate_885D,86.10788951419153
392,min_pmts_year_507T,84.75999212635533
393,mean_pmts_year_507T,84.55761961968608
740,max_familystate_447L_SINGLE,82.61972541894293
108,count_num_group1,82.35819236553105
676,max_status_219L_Q,81.53853459071257
89,totalsettled_863A,80.30561450715467
691,max_credacc_cards_status_52L_CANCELLED,79.29577159734865
199,sum_revolvingaccount_394A,76.9649704661209
600,max_credacc_status_367L_CL,76.49252273421435
49,maxdpdlast3m_392P,76.26922618205204
255,max_pmtamount_36A,73.50899029845154
651,max_rejectreason_755M_P45_84_106,72.30390591525217
192,min_pmtnum_8L,71.35734814954397
200,min_tenor_203L,71.35734814954397
174,min_firstnonzeroinstldate_307D,71.04218394793695
865,max_classificationofcontr_400M_ea6782cc,69.9287826713217
32,lastactivateddate_801D,68.99352535973082
133,mean_credacc_actualbalance_314A,68.78432840032225
624,max_inittransactioncode_279L_POS,67.7155507196808
333,mean_overdueamountmaxdateyear_2T,67.51850354077473
132,max_credacc_actualbalance_314A,65.34305219668103
159,max_dateactivated_425D,64.54789855194274
86,sumoutstandtotal_3546847A,64.35218207580957
170,mean_dtlastpmtallstes_3545839D,64.07127844411065
1208,max_purposeofcred_874M_a55475b1,64.02912590461375
377,min_pmts_month_158T,63.80141962529093
87,sumoutstandtotalest_4493215A,63.44132496453455
657,max_rejectreason_755M_P99_56_166,63.26334329837201
254,mean_pmtamount_36A,62.849945796411475
131,min_credacc_actualbalance_314A,62.29729219155558
61,numinstls_657L,62.197818492840256
221,count_persontype_1072L,61.81622421066147
230,count_role_1084L,61.81622421066147
189,max_outstandingdebt_522A,61.66117753529444
606,max_credtype_587L_COL,60.983277344356864
158,min_dateactivated_425D,60.36271184958076
1119,max_financialinstitution_591M_b619fa46,60.10211194431594
27,firstdatedue_489D,59.67211995734666
750,max_incometype_1044T_EMPLOYED,58.729390539018546
761,max_language1_981M_P209_127_106,58.22868969117919
222,sum_persontype_1072L,58.15717825790271
118,min_approvaldate_319D,57.7887422125402
20,datelastunpaid_3546854D,57.71689176707748
128,min_creationdate_885D,57.22341950603494
155,max_currdebt_94A,56.41334077371039
137,mean_credacc_credlmt_575A,54.77380601246367
175,max_firstnonzeroinstldate_307D,54.45186989510565
577,lastst_736L_Q,53.84449049164758
579,lastst_736L_S,53.72843318569898
17,currdebtcredtyperange_828A,53.39497292950515
332,min_overdueamountmaxdateyear_2T,53.25664894510265
191,sum_outstandingdebt_522A,52.66164296365483
227,sum_persontype_792L,51.74159472258117
772,max_relationshiptoclient_415T_SIBLING,51.551422667398136
783,max_relationshiptoclient_642T_SIBLING,51.551422667398136
708,max_empl_employedtotal_800L_LESS_ONE,50.00242881566324
673,max_status_219L_L,49.527049221318315
380,min_pmts_month_706T,49.344070729572756
432,lastapprcommoditycat_1041M_P159_130_59,48.54408259545505
217,sum_personindex_1023L,48.20818725949593
773,max_relationshiptoclient_415T_SPOUSE,47.96529991908701
784,max_relationshiptoclient_642T_SPOUSE,47.96529991908701
252,count_num_group1_tax_registry_c,46.66639537919517
35,lastapprdate_640D,45.950114651224744
621,max_familystate_726L_nan,45.92902733987895
157,sum_currdebt_94A,45.86435451293729
323,mean_numberofoverdueinstlmax_1039L,45.074795505569654
604,max_credacc_status_367L_nan,43.76743174554078
239,min_amount_4527230A,43.51672792022247
33,lastapplicationdate_877D,43.19293821575513
129,max_creationdate_885D,43.04573355378663
1021,max_financialinstitution_382M_a55475b1,42.961758358609075
258,min_processingdate_168D,42.905387375173596
154,min_currdebt_94A,42.63419991188636
695,max_credacc_cards_status_52L_nan,42.334261480419116
336,mean_overdueamountmaxdateyear_994T,42.232123040466014
224,mean_persontype_792L,42.06402920362652
335,min_overdueamountmaxdateyear_994T,41.93193701859073
325,sum_numberofoverdueinstlmax_1039L,41.87500300474724
216,count_personindex_1023L,41.37406821322784
226,count_persontype_792L,41.37406821322784
213,max_personindex_1023L,41.37406821313267
228,count_relationshiptoclient_415T,41.37406821313267
214,mean_personindex_1023L,41.37406821313267
667,max_rejectreasonclient_4145042M_a55475b1,41.17622991114227
674,max_status_219L_N,40.69231074959502
286,mean_dpdmax_139P,40.6605529030683
253,min_pmtamount_36A,40.65094794515431
288,sum_dpdmax_139P,40.59009876419478
117,max_approvaldate_319D,40.584403574887055
229,count_relationshiptoclient_642T,40.50506384703505
296,mean_lastupdate_388D,40.38639602759896
101,pmtaverage_4527227A,40.24611307700781
800,max_type_25L_PRIMARY_MOBILE,40.11855035962042
775,max_relationshiptoclient_642T_CHILD,39.7172979046668
764,max_relationshiptoclient_415T_CHILD,39.7172979046668
297,min_lastupdate_388D,38.824040338145124
334,max_overdueamountmaxdateyear_2T,38.43943625327996
275,min_dateofrealrepmt_138D,37.897572750714545
274,mean_dateofrealrepmt_138D,37.52327852597279
324,max_numberofoverdueinstlmax_1039L,37.227784664345606
559,lastrejectreasonclient_4145040M_P30_86_84,37.091341944397314
152,mean_credamount_590A,36.650619561227124
564,lastrejectreasonclient_4145040M_P64_121_167,36.17634644858759
135,min_credacc_credlmt_575A,36.10878796746633
746,max_housetype_905L_OWNED,36.032998113044314
373,max_pmts_dpd_1073P,35.643115968934154
322,min_numberofoverdueinstlmax_1039L,35.60077048961448
958,max_contractst_964M_cb5e0ca2,35.565908649242125
287,max_dpdmax_139P,35.35714985012806
379,max_pmts_month_158T,35.171720552144265
574,lastst_736L_L,34.650834570427605
382,max_pmts_month_706T,34.64013432564894
658,max_rejectreason_755M_a55475b1,34.412407913780584
390,mean_pmts_year_1139T,33.989471032701076
451,lastapprcommoditycat_1041M_P52_56_90,33.946486255041506
810,max_empls_economicalst_849M_nan,33.695169784354384
642,max_postype_4733339M_P46_145_78,33.64284524667193
809,max_empls_economicalst_849M_a55475b1,33.58193466858017
2,annuity_780A,33.04612448057541
678,max_status_219L_S,33.01854865805712
516,lastcancelreason_561M_P64_121_167,32.75183166702056
749,max_housetype_905L_nan,31.769916046200866
13,cntincpaycont9m_3716944L,31.623054718409957
504,lastcancelreason_561M_P30_86_84,31.083860483030374
994,max_contractst_964M_fb43439d,30.584168735418306
167,mean_dtlastpmt_581D,30.52956665752123
285,min_dpdmax_139P,30.315902216050233
266,min_dateofcredend_353D,29.638983986691308
100,pmtaverage_3A,29.581654536461343
582,twobodfilling_608L_BO,29.53340353773604
389,min_pmts_year_1139T,29.49926018829259
583,twobodfilling_608L_FO,29.139007832106156
223,max_persontype_792L,29.138515074319827
218,max_persontype_1072L,29.138515074319827
395,count_num_group1_cb_a_2,28.32124034475307
396,count_num_group2_cb_a_2,28.32124034475307
113,min_annuity_853A,28.274895698889758
757,max_incometype_1044T_SALARIED_GOVT,28.22526307011553
70,numinstpaidlastcontr_4325080L,28.172404338965062
163,mean_downpmt_134A,27.45938984036089
1003,max_description_351M_f8e51f8d,26.763418481526497
1235,max_subjectroles_name_838M_a55475b1,26.623351449647064
10,avgoutstandbalancel6m_4187114A,26.58055915288971
116,sum_annuity_853A,26.138265503368334
269,min_dateofcredstart_181D,25.923359563911394
570,lastst_736L_A,25.843235779143956
1111,max_financialinstitution_591M_a55475b1,25.723671700694414
738,max_familystate_447L_LIVING_WITH_PARTNER,25.49185721636445
248,sum_amount_4917619A,25.348331553962314
575,lastst_736L_N,25.122814301301318
776,max_relationshiptoclient_642T_COLLEAGUE,23.348620745732607
765,max_relationshiptoclient_415T_COLLEAGUE,23.348620745732607
143,min_credacc_minhisbal_90A,22.706303497336318
244,count_num_group1_tax_registry_b,22.64306483346595
871,max_classificationofcontr_400M_f0a30139,22.591159986136862
40,maxannuity_159A,22.552628929086225
374,min_pmts_dpd_303P,22.206153017197835
257,mean_processingdate_168D,21.999631795543678
145,mean_credacc_minhisbal_90A,21.66840362001566
8,avglnamtstart24m_4525187A,21.42235800588725
39,maininc_215A,21.378300755311468
28,homephncnt_628L,21.322557767448544
178,sum_isbidproduct_390L,20.79539909914405
18,datefirstoffer_1144D,20.77933137136296
472,lastcancelreason_561M_P129_162_80,20.29942595566419
502,lastcancelreason_561M_P24_27_36,20.017791609242817
555,lastrejectreasonclient_4145040M_P129_162_80,19.83288442619627
251,min_deductiondate_4917603D,19.54994994038776
265,mean_dateofcredend_353D,18.8828556445286
656,max_rejectreason_755M_P94_109_143,18.694104925318605
144,max_credacc_minhisbal_90A,18.687599576054563
787,max_remitter_829L_nan,18.682206739590185
774,max_relationshiptoclient_415T_nan,18.682206739590185
785,max_relationshiptoclient_642T_nan,18.682206739590185
790,max_role_1084L_PE,18.682206739574855
786,max_remitter_829L_False,18.682206739574855
706,max_education_927M_a55475b1,18.676064126227267
595,requesttype_4525192L_PENSION_6,18.31697141686228
272,min_dateofcredstart_739D,18.240099460588034
372,mean_pmts_dpd_1073P,18.138003096139183
196,min_revolvingaccount_394A,18.00378584704301
162,max_downpmt_134A,17.752442856497996
115,mean_annuity_853A,17.504316753899186
739,max_familystate_447L_MARRIED,17.398537878900605
622,max_inittransactioncode_279L_CASH,17.322932521028314
605,max_credtype_587L_CAL,17.322932521028314
760,max_language1_981M_P10_39_147,17.065286953912636
219,mean_persontype_1072L,17.05049353288841
591,education_1103M_a55475b1,17.02360501173365
603,max_credacc_status_367L_PO,16.827295416383055
198,mean_revolvingaccount_394A,16.818854423830118
243,min_recorddate_4527225D,16.619039875211552
241,max_recorddate_4527225D,16.619039875211552
242,mean_recorddate_4527225D,16.619039875211552
415,lastapprcommoditycat_1041M_P100_96_175,16.472500771879726
645,max_postype_4733339M_a55475b1,16.447120954878464
617,max_familystate_726L_LIVING_WITH_PARTNER,16.13023532547318
788,max_role_1084L_CL,16.03726156314925
104,responsedate_4527233D,15.943203540181363
948,max_contractst_964M_c400401f,15.848437051232965
409,disbursementtype_67L_SBA,15.799142138578478
413,inittransactioncode_186L_POS,15.470246991226684
36,lastdelinqdate_224D,15.38894134450744
1046,max_financialinstitution_382M_c79c3b45,15.290818990434207
833,max_classificationofcontr_400M_afc8fa18,15.290818990434207
919,max_contractst_964M_a4027f4c,15.290818990434207
24,dtlastpmtallstes_4499206D,15.253419024621998
599,max_credacc_status_367L_CA,15.10979127398253
1036,max_financialinstitution_382M_b619fa46,14.873015173680866
268,mean_dateofcredstart_181D,14.724828232355085
250,mean_deductiondate_4917603D,14.655553468066746
1211,max_purposeofcred_874M_d9ae1a0e,14.654822350501387
3,applicationscnt_867L,14.630881016334682
182,max_mainoccupationinc_437A,14.369446171481984
491,lastcancelreason_561M_P198_89_166,14.350242629527497
247,max_amount_4917619A,14.335436281937051
197,max_revolvingaccount_394A,14.008655336982015
289,min_instlamount_768A,13.571135816493163
138,sum_credacc_credlmt_575A,13.101461635179776
34,lastapprcredamount_781A,12.592429224975913
313,sum_numberofcontrsvalue_358L,12.4928923534197
177,mean_isbidproduct_390L,12.40907323542863
123,sum_byoccupationinc_3656910L,12.299244438908541
326,min_overdueamountmaxdatemonth_284T,12.062060978731989
754,max_incometype_1044T_OTHER,12.015742860912072
337,max_overdueamountmaxdateyear_994T,11.909838509136735
246,mean_amount_4917619A,11.817770623450823
1194,min_purposeofcred_874M_60c73645,11.564703949036323
181,min_mainoccupationinc_437A,11.093627837018285
350,min_residualamount_856A,11.0472035384873
423,lastapprcommoditycat_1041M_P12_6_178,10.900361478724435
868,max_classificationofcontr_400M_ec922b98,10.898952465318954
692,max_credacc_cards_status_52L_INACTIVE,10.810211140094383
0,WEEK_NUM,10.782789684601651
1224,max_subjectroles_name_541M_a55475b1,10.723227729126036
891,max_contractst_545M_dd67cff0,10.679025085012585
271,mean_dateofcredstart_739D,10.505661725218813
394,max_pmts_year_507T,10.47657456890625
412,inittransactioncode_186L_NDF,10.425622281809991
290,mean_instlamount_768A,10.307106089879154
618,max_familystate_726L_MARRIED,10.236690241536124
161,min_downpmt_134A,10.119679351817616
245,min_amount_4917619A,10.011741539725463
704,max_education_927M_P33_146_175,9.676421629071639
407,disbursementtype_67L_DD,9.605873376480986
209,count_familystate_447L,9.60523469482316
1060,max_financialinstitution_382M_d6a7d943,9.484666207487999
690,max_credacc_cards_status_52L_BLOCKED,9.438091395368486
640,max_postype_4733339M_P177_117_192,9.373157628535653
1134,max_financialinstitution_591M_d5809fcf,9.328328327006906
742,max_familystate_447L_nan,9.091853425523228
417,lastapprcommoditycat_1041M_P109_133_183,9.091255763484899
85,sellerplacescnt_216L,9.029828536770935
31,isbidproduct_1095L,9.02426976148982
1148,max_financialinstitution_591M_e9bfdb5c,8.903881660499994
956,max_contractst_964M_ca72db6c,8.903881660499994
781,max_relationshiptoclient_642T_OTHER_RELATIVE,8.881223999807892
770,max_relationshiptoclient_415T_OTHER_RELATIVE,8.881223999807892
1067,max_financialinstitution_382M_dcb42d2c,8.79000948452186
563,lastrejectreasonclient_4145040M_P5_143_178,8.759997520760333
23,downpmt_116A,8.756087633183473
312,max_numberofcontrsvalue_358L,8.495919824349665
386,min_pmts_overdue_1152A,8.305065897875279
1212,max_purposeofcred_874M_e19fdece,8.26480614796924
164,sum_downpmt_134A,8.244347831453602
411,inittransactioncode_186L_CASH,8.112668809392657
403,credtype_322L_CAL,8.112668809392657
408,disbursementtype_67L_GBA,8.055934212046049
311,mean_numberofcontrsvalue_358L,7.989690281574799
328,max_overdueamountmaxdatemonth_284T,7.651886570846148
331,max_overdueamountmaxdatemonth_365T,7.425434229450533
402,bankacctype_710L_nan,7.407449114563548
401,bankacctype_710L_CA,7.4074491145360435
122,mean_byoccupationinc_3656910L,7.3272529133277375
964,max_contractst_964M_d692b98e,7.1532639344876126
1075,max_financialinstitution_382M_e3b74e00,7.1532639344876126
1118,max_financialinstitution_591M_b311e4b2,7.1532639344876126
1138,max_financialinstitution_591M_d80abc0d,7.133026671781623
351,mean_residualamount_856A,7.050962941564
620,max_familystate_726L_WIDOWED,6.9982808890702355
310,min_numberofcontrsvalue_358L,6.981617385030542
37,lastrejectcredamount_222A,6.966136486867141
1050,max_financialinstitution_382M_cc2c2610,6.94352048440689
930,max_contractst_964M_b2f1bf5c,6.921835529318723
1188,min_purposeofcred_874M_27b6de28,6.802363973672555
11,clientscnt12m_3712952L,6.778998403146196
966,max_contractst_964M_d7416962,6.521293606491789
712,max_empl_industry_691L_AGRICULTURE,6.43385467003123
513,lastcancelreason_561M_P5_143_178,6.368862347266488
737,max_familystate_447L_DIVORCED,6.330339935388346
762,max_language1_981M_a55475b1,6.224353139139752
935,max_contractst_964M_b6834721,6.218719043587063
330,mean_overdueamountmaxdatemonth_365T,6.1931177282422025
121,max_byoccupationinc_3656910L,6.175898957699049
725,max_empl_industry_691L_MANUFACTURING,6.10866046826126
635,max_isdebitcard_527L_True,6.059795658537168
211,min_mainoccupationinc_384A,5.8918131955844455
210,max_mainoccupationinc_384A,5.8918131955844455
580,lastst_736L_T,5.836730333493476
298,max_lastupdate_388D,5.781482340552037
316,max_numberofinstls_320L,5.694611935694655
719,max_empl_industry_691L_GAMING,5.645369608238318
768,max_relationshiptoclient_415T_NEIGHBOR,5.559921393113575
779,max_relationshiptoclient_642T_NEIGHBOR,5.559921393113575
689,max_credacc_cards_status_52L_ACTIVE,5.558084164500687
709,max_empl_employedtotal_800L_MORE_FIVE,5.4957514973967045
291,max_instlamount_768A,5.484350376800969
616,max_familystate_726L_DIVORCED,5.420136618311256
292,sum_instlamount_768A,5.3461367191397
139,min_credacc_maxhisbal_375A,5.064302520414717
259,max_processingdate_168D,4.945712624736752
572,lastst_736L_H,4.821502269886073
315,mean_numberofinstls_320L,4.81413800666937
629,max_isbidproduct_390L_True,4.766160034378548
649,max_rejectreason_755M_P198_131_9,4.756925224708738
151,min_credamount_590A,4.7228314608304
12,clientscnt6m_3712949L,4.593399971562357
679,max_status_219L_T,4.488550865463173
276,max_dateofrealrepmt_138D,4.476671302259119
249,max_deductiondate_4917603D,4.463081730750055
908,max_contractst_964M_89721976,4.451801979550925
1054,max_financialinstitution_382M_d05e3fde,4.451801979550925
601,max_credacc_status_367L_CR,4.233918232962546
53,maxinstallast24m_3658928A,4.178783288522835
590,education_1103M_717ddd49,4.0995574906575225
179,mean_isdebitcard_527L,4.090748366793444
717,max_empl_industry_691L_EDUCATION,4.05033484206745
260,count_num_group1_cb_a_1,4.045175286542896
1129,max_financialinstitution_591M_cb830fec,4.026001771430704
1051,max_financialinstitution_382M_cc8de998,3.9391807170475515
231,count_num_group1_person2,3.8542872052739416
232,count_num_group2_person2,3.8542872052739416
410,disbursementtype_67L_nan,3.8213585314155747
1178,min_purposeofcred_426M_a55475b1,3.8016593722630954
521,lastcancelreason_561M_P73_130_169,3.703655533015679
428,lastapprcommoditycat_1041M_P148_110_5,3.6153246211629355
357,mean_totalamount_996A,3.6107579525700344
937,max_contractst_964M_b83056f9,3.5991708041175468
141,mean_credacc_maxhisbal_375A,3.591714776496749
309,sum_numberofcontrsvalue_258L,3.5572981079049
416,lastapprcommoditycat_1041M_P105_126_172,3.526047992626984
387,mean_pmts_overdue_1152A,3.460789929131553
314,min_numberofinstls_320L,3.4454897988654323
705,max_education_927M_P97_36_170,3.333452443864841
715,max_empl_industry_691L_CATERING,3.2944936686125312
733,max_empl_industry_691L_TRADE,3.2288731757853535
264,max_dateofcredend_289D,3.2135320704472767
730,max_empl_industry_691L_REAL_ESTATE,3.2122898159341373
938,max_contractst_964M_b919198c,3.168425141680488
1238,max_subjectroles_name_838M_daf49a8a,3.125736548752037
914,max_contractst_964M_9c5b185b,3.1092762723761425
702,max_education_927M_P157_18_172,3.1092762723761425
1055,max_financialinstitution_382M_d1c4d78f,3.1092762723761425
1059,max_financialinstitution_382M_d5809fcf,3.1092762723761425
356,min_totalamount_996A,3.0274850136368996
1070,max_financialinstitution_382M_dcf5a604,3.0271842813642524
734,max_empl_industry_691L_TRANSPORTATION,3.0202530497922715
136,max_credacc_credlmt_575A,3.011800847571816
812,max_classificationofcontr_13M_a55475b1,2.9317893107319275
425,lastapprcommoditycat_1041M_P137_6_96,2.8225395102370694
701,max_education_927M_P106_81_188,2.76821688899138
317,sum_numberofinstls_320L,2.7376708721659444
352,max_residualamount_856A,2.6842419976813856
371,min_pmts_dpd_1073P,2.633604174773001
1135,max_financialinstitution_591M_d6a7d943,2.5746560138392725
459,lastapprcommoditycat_1041M_a55475b1,2.571169986093915
548,lastrejectreason_759M_P64_121_167,2.528293469437915
1130,max_financialinstitution_591M_cc2c2610,2.5203474257974863
793,max_safeguarantyflag_411L_True,2.459755087601255
29,inittransactionamount_650A,2.4539121845529275
876,max_classificationofcontr_400M_f920c170,2.4378729957854794
146,sum_credacc_minhisbal_90A,2.4237584437886803
273,max_dateofcredstart_739D,2.4198753901753545
524,lastcancelreason_561M_P85_114_140,2.4165683495504404
611,max_education_1138M_P17_36_170,2.4160468845762266
120,min_byoccupationinc_3656910L,2.401510595576791
493,lastcancelreason_561M_P19_105_83,2.389185783066973
112,sum_actualdpd_943P,2.3823932774550616
147,min_credacc_transactions_402L,2.3424085969396056
405,credtype_322L_REL,2.321545170216244
687,max_conts_type_509L_WHATSAPP,2.310311183337051
1025,max_financialinstitution_382M_a8468729,2.310311183337051
450,lastapprcommoditycat_1041M_P49_162_170,2.310311183337051
892,max_contractst_545M_e2e7d341,2.306930529405562
1157,max_financialinstitution_591M_f4518152,2.2731979572240646
623,max_inittransactioncode_279L_NDF,2.2654342855348037
329,min_overdueamountmaxdatemonth_365T,2.1978612830289497
267,max_dateofcredend_353D,2.195345902993324
404,credtype_322L_COL,2.173632919120654
1210,max_purposeofcred_874M_d11871e7,2.161662840347693
1042,max_financialinstitution_382M_c1525162,2.1432604210454698
991,max_contractst_964M_f7394eb0,2.1430671325523303
234,max_openingdate_857D,2.1411460383711924
119,mean_approvaldate_319D,2.1131636628574006
632,min_isdebitcard_527L_True,2.0954448764676448
663,max_rejectreasonclient_4145042M_P5_143_178,2.0927799399848417
125,max_childnum_21L,2.0716218298519222
114,max_annuity_853A,2.0587384307528613
1088,max_financialinstitution_382M_edd4a280,2.04942616063617
641,max_postype_4733339M_P217_110_186,2.041918337427015
634,max_isdebitcard_527L_False,2.0265108675003214
671,max_status_219L_H,2.016939210891105
320,max_numberofoutstandinstls_59L,1.9909769841188296
383,min_pmts_overdue_1140A,1.951482018900913
1000,max_contractst_964M_fec76166,1.908621631814093
149,mean_credacc_transactions_402L,1.8920191861255533
911,max_contractst_964M_8f3a197f,1.8814066761941897
452,lastapprcommoditycat_1041M_P53_45_92,1.880218642804383
111,mean_actualdpd_943P,1.8491841378612053
1203,max_purposeofcred_874M_60c73645,1.8486765527431077
722,max_empl_industry_691L_INSURANCE,1.8191322187761685
1214,max_purposeofcred_874M_ee7d1eb8,1.815946783640701
354,mean_totalamount_6A,1.8066293916806202
693,max_credacc_cards_status_52L_RENEWED,1.8052215513138834
365,min_totaloutstanddebtvalue_39A,1.7945635176112378
140,max_credacc_maxhisbal_375A,1.791502111911471
511,lastcancelreason_561M_P57_100_127,1.7831225771495205
716,max_empl_industry_691L_CHARITY_RELIGIOUS,1.7831225771495205
90,validfrom_1069D,1.756251166635151
467,lastcancelreason_561M_P120_0_10,1.7242336733508228
307,mean_numberofcontrsvalue_258L,1.7000712114629142
540,lastrejectreason_759M_P198_131_9,1.69231377970807
110,max_actualdpd_943P,1.6821663692158197
547,lastrejectreason_759M_P5_143_178,1.6782597842155216
889,max_contractst_545M_b919198c,1.6782597842155216
308,max_numberofcontrsvalue_258L,1.6713889587126305
681,max_conts_type_509L_EMPLOYMENT_PHONE,1.6649889105385962
204,count_num_group2,1.6574396120414512
1217,min_subjectroles_name_541M_15f04f45,1.6065114874532944
537,lastrejectreason_759M_P129_162_80,1.586371495684807
306,min_numberofcontrsvalue_258L,1.57408794713361
180,sum_isdebitcard_527L,1.5493478368412843
474,lastcancelreason_561M_P145_10_63,1.5377580522845342
771,max_relationshiptoclient_415T_PARENT,1.5347538301757473
782,max_relationshiptoclient_642T_PARENT,1.5347538301757473
484,lastcancelreason_561M_P183_71_60,1.5237699584524147
166,max_dtlastpmt_581D,1.5194138362627887
720,max_empl_industry_691L_GOVERNMENT,1.5188886766419116
105,responsedate_4917613D,1.4951229361497158
124,min_childnum_21L,1.492810225795101
669,max_status_219L_A,1.4719115212228082
724,max_empl_industry_691L_LAWYER,1.4673800134592683
798,max_type_25L_HOME_PHONE,1.4551497682315613
539,lastrejectreason_759M_P196_88_176,1.444999486312364
947,max_contractst_964M_c288ac5d,1.444121526678155
1040,max_financialinstitution_382M_bbb5839e,1.4112334344524924
1122,max_financialinstitution_591M_bbb5839e,1.4112334344524924
1132,max_financialinstitution_591M_d1c4d78f,1.4112334344524924
602,max_credacc_status_367L_PCL,1.405617053850034
546,lastrejectreason_759M_P53_10_15,1.38402224551809
1066,max_financialinstitution_382M_dbddb6bb,1.38402224551809
727,max_empl_industry_691L_MINING,1.3607471682296448
596,requesttype_4525192L_SOCIAL_6,1.3166549314338745
556,lastrejectreasonclient_4145040M_P19_25_34,1.2990210448134223
435,lastapprcommoditycat_1041M_P177_46_174,1.2888065541439107
682,max_conts_type_509L_HOME_PHONE,1.284810214639549
703,max_education_927M_P17_36_170,1.1989260004880018
672,max_status_219L_K,1.1614839014037321
723,max_empl_industry_691L_IT,1.1614258059518938
127,sum_childnum_21L,1.1452807522874038
852,max_classificationofcontr_400M_d7416962,1.1287034768424304
483,lastcancelreason_561M_P180_60_137,1.1122668211492133
735,max_empl_industry_691L_WELNESS,1.1119661206123486
507,lastcancelreason_561M_P46_50_166,1.108576412441269
92,contractssum_5085716L,1.0929867107360796
990,max_contractst_964M_f7149e7d,1.0913576386257586
544,lastrejectreason_759M_P48_22_32,1.0913554994051733
747,max_housetype_905L_PARENTAL,1.0821052388749788
160,mean_dateactivated_425D,1.0668568730249544
126,mean_childnum_21L,1.066050104660088
638,max_postype_4733339M_P149_40_170,1.0631684646167738
235,mean_openingdate_857D,1.0603902503643632
270,max_dateofcredstart_181D,1.0528133371174258
1227,max_subjectroles_name_541M_daf49a8a,1.041877336457291
148,max_credacc_transactions_402L,1.024767276570095
418,lastapprcommoditycat_1041M_P110_120_162,0.9978177025680713
1099,max_financialinstitution_382M_f4518152,0.9902131135506715
741,max_familystate_447L_WIDOWED,0.9821959337219661
262,mean_dateofcredend_289D,0.9794851078539979
924,max_contractst_964M_ac175213,0.9524813272404177
531,lastcancelreason_561M_P98_38_170,0.929395879626942
639,max_postype_4733339M_P169_115_83,0.9287569885372972
1156,max_financialinstitution_591M_f27ed340,0.9262857403100484
388,max_pmts_overdue_1152A,0.9082969756377941
478,lastcancelreason_561M_P163_9_145,0.9044447463568213
444,lastapprcommoditycat_1041M_P21_123_87,0.8998460186875774
494,lastcancelreason_561M_P19_25_34,0.8848694585256713
631,min_isdebitcard_527L_False,0.8710017490968105
510,lastcancelreason_561M_P55_81_55,0.8684882612607927
1186,min_purposeofcred_874M_164ee705,0.8513313390164573
385,max_pmts_overdue_1140A,0.8473171736869044
1010,max_financialinstitution_382M_P150_136_157,0.8342184541615938
1232,min_subjectroles_name_838M_P28_48_88,0.8252304749147035
321,sum_numberofoutstandinstls_59L,0.8190167755363541
420,lastapprcommoditycat_1041M_P121_6_80,0.8049105657601869
305,max_nominalrate_281L,0.8032743051811377
968,max_contractst_964M_dc23998c,0.7930847631819686
858,max_classificationofcontr_400M_e2453741,0.7851404062527587
1133,max_financialinstitution_591M_d35b8336,0.7725393554533964
445,lastapprcommoditycat_1041M_P21_79_33,0.7722533369437131
637,max_postype_4733339M_P140_48_169,0.768781234031628
355,max_totalamount_6A,0.7620726879004895
921,max_contractst_964M_a72cf06d,0.7614606813903795
295,max_lastupdate_1112D,0.7541299312671405
293,mean_lastupdate_1112D,0.7462006451691239
566,lastrejectreasonclient_4145040M_P84_14_61,0.7286660720286234
318,min_numberofoutstandinstls_59L,0.7052295742018664
303,mean_nominalrate_281L,0.6961392664678643
508,lastcancelreason_561M_P52_67_90,0.693552457771453
1198,min_purposeofcred_874M_96a8fdfe,0.6924712239287436
523,lastcancelreason_561M_P84_14_61,0.6870305805597199
789,max_role_1084L_EM,0.6695710069253993
319,mean_numberofoutstandinstls_59L,0.6644609534204451
753,max_incometype_1044T_HANDICAPPED_3,0.6601797041403346
343,max_periodicityofpmts_837L,0.6564414643476326
519,lastcancelreason_561M_P69_72_116,0.6539945497280365
442,lastapprcommoditycat_1041M_P201_79_148,0.6445709705283931
863,max_classificationofcontr_400M_e6e56e83,0.6379110436317577
430,lastapprcommoditycat_1041M_P156_122_160,0.6379110436317577
1044,max_financialinstitution_382M_c278975a,0.6295774185556139
1013,max_financialinstitution_382M_P51_123_23,0.6295774185556139
918,max_contractst_964M_a3386307,0.6295774185556139
1028,max_financialinstitution_382M_a9d35603,0.6215526682421353
358,max_totalamount_996A,0.6015015615577096
780,max_relationshiptoclient_642T_OTHER,0.5914445660740932
769,max_relationshiptoclient_415T_OTHER,0.5914445660740932
1126,max_financialinstitution_591M_c1525162,0.5888361830618947
366,mean_totaloutstanddebtvalue_39A,0.5852569055429727
923,max_contractst_964M_aa0592d0,0.5724780732698391
648,max_rejectreason_755M_P196_88_176,0.5724780732698391
1095,max_financialinstitution_382M_f0a813a9,0.5635572676215203
263,min_dateofcredend_289D,0.5547593729096294
1172,min_purposeofcred_426M_6ec903ee,0.5397621192782615
455,lastapprcommoditycat_1041M_P75_42_174,0.5397621192782615
609,max_education_1138M_P106_81_188,0.536433040768245
1144,max_financialinstitution_591M_dcf5a604,0.5256128816258789
1100,max_financialinstitution_382M_f4b22787,0.5070465194052747
433,lastapprcommoditycat_1041M_P160_128_10,0.501092487813603
495,lastcancelreason_561M_P201_100_144,0.49068885226145603
1009,max_financialinstitution_382M_P133_127_114,0.49068885226145603
1058,max_financialinstitution_382M_d35b8336,0.4817906421220129
877,max_classificationofcontr_400M_fa2a66b3,0.4658417173479519
464,lastcancelreason_561M_P118_30_169,0.4579737835555692
1007,max_financialinstitution_382M_Home Credit,0.4579737835555692
327,mean_overdueamountmaxdatemonth_284T,0.43966373145630344
437,lastapprcommoditycat_1041M_P184_3_97,0.43895698538984196
592,education_1103M_c8e1a1d0,0.43659785330279766
536,lastrejectreason_759M_P121_60_164,0.4362754775542693
342,mean_periodicityofpmts_837L,0.4266064335865733
940,max_contractst_964M_ba680094,0.4252590689538942
470,lastcancelreason_561M_P128_12_74,0.40890184444034317
584,twobodfilling_608L_nan,0.40890184444034317
424,lastapprcommoditycat_1041M_P137_157_60,0.40890184444034317
541,lastrejectreason_759M_P19_25_34,0.40890184444034317
346,max_refreshdate_3813885D,0.39329791098694533
801,max_type_25L_SECONDARY_MOBILE,0.3927944207196924
1081,max_financialinstitution_382M_eb725dc9,0.39254470845068823
280,sum_debtoutstand_525A,0.3917552041290685
109,min_actualdpd_943P,0.3908488733530723
277,min_debtoutstand_525A,0.3908340906359515
279,max_debtoutstand_525A,0.3908340906359515
278,mean_debtoutstand_525A,0.3908340906359515
718,max_empl_industry_691L_FINANCE,0.38666949066660755
1176,min_purposeofcred_426M_9e302002,0.37618766098421424
142,sum_credacc_maxhisbal_375A,0.37611365051976287
353,min_totalamount_6A,0.3674039919908619
542,lastrejectreason_759M_P30_86_84,0.36125628563161566
490,lastcancelreason_561M_P198_14_171,0.35983070204019924
946,max_contractst_964M_c068287a,0.35983070204019924
481,lastcancelreason_561M_P175_4_106,0.3434738316179262
1158,max_financialinstitution_591M_f4b22787,0.3434738316179262
1169,min_purposeofcred_426M_44164129,0.3434738316179262
500,lastcancelreason_561M_P20_125_107,0.3374512070453925
880,max_classificationofcontr_400M_fb98f5e4,0.32711704971667865
1032,max_financialinstitution_382M_b0c676ae,0.31928578771338156
545,lastrejectreason_759M_P52_67_90,0.31895866766458514
466,lastcancelreason_561M_P11_56_131,0.3179659027765084
341,min_periodicityofpmts_837L,0.3113994601879633
526,lastcancelreason_561M_P8_141_180,0.31076035633573285
1086,max_financialinstitution_382M_ed1b653a,0.31076035633573285
465,lastcancelreason_561M_P11_156_146,0.31076035633573285
469,lastcancelreason_561M_P123_22_171,0.31076035633573285
486,lastcancelreason_561M_P187_10_172,0.31076035633573285
367,max_totaloutstanddebtvalue_39A,0.3078687685160439
613,max_education_1138M_P97_36_170,0.30755782604135373
643,max_postype_4733339M_P60_146_156,0.3025698890486965
496,lastcancelreason_561M_P203_135_156,0.30255955512148536
1155,max_financialinstitution_591M_f0a813a9,0.30255955512148536
729,max_empl_industry_691L_POST_TELCO,0.3003489075122555
1041,max_financialinstitution_382M_bf7a9f55,0.29969474713046423
1019,max_financialinstitution_382M_a4f0ab55,0.29440375147437325
1056,max_financialinstitution_382M_d31f6c4d,0.29440375147437325
440,lastapprcommoditycat_1041M_P193_109_73,0.29440375147437325
874,max_classificationofcontr_400M_f423c437,0.29440375147437325
1166,min_purposeofcred_426M_2162d1a4,0.29440375147437325
304,min_nominalrate_281L,0.28992275991482247
422,lastapprcommoditycat_1041M_P128_43_169,0.2896386990005102
473,lastcancelreason_561M_P141_135_146,0.2816192786591699
1074,max_financialinstitution_382M_e2a39b1a,0.2780472351318814
1187,min_purposeofcred_874M_2162d1a4,0.2780472351318814
748,max_housetype_905L_STATE_FLAT,0.2725227578385549
294,min_lastupdate_1112D,0.2622079692523336
732,max_empl_industry_691L_TOURISM,0.2524648281091392
461,lastcancelreason_561M_P107_145_100,0.2481069351512538
456,lastapprcommoditycat_1041M_P76_145_175,0.2481069351512538
1026,max_financialinstitution_382M_a91f3bf3,0.24533446800062886
1191,min_purposeofcred_874M_44164129,0.24434431032639342
830,max_classificationofcontr_400M_abc5878e,0.2289782172104287
426,lastapprcommoditycat_1041M_P141_125_135,0.2289782172104287
431,lastapprcommoditycat_1041M_P156_50_173,0.2289782172104287
792,max_safeguarantyflag_411L_False,0.2261845179745429
699,max_contaddr_smempladdr_334L_True,0.22615214942219
587,description_5085714M_nan,0.22323031355037198
593,education_1103M_nan,0.22323031355037198
449,lastapprcommoditycat_1041M_P48_73_87,0.22238826434804038
438,lastapprcommoditycat_1041M_P187_118_47,0.2175898448235017
1073,max_financialinstitution_382M_e247e3d7,0.21262205493622044
458,lastapprcommoditycat_1041M_P98_19_172,0.21262205493622044
660,max_rejectreasonclient_4145042M_P19_25_34,0.21262205493622044
714,max_empl_industry_691L_ART_MEDIA,0.2048892188220821
1069,max_financialinstitution_382M_dcd48f0a,0.20451234225124593
598,max_credacc_status_367L_AC,0.20358009614508157
550,lastrejectreason_759M_P84_14_61,0.2029819658331028
233,min_openingdate_857D,0.19749715806498522
489,lastcancelreason_561M_P195_62_170,0.19626598117728866
647,max_rejectreason_755M_P121_60_164,0.19626598117728866
610,max_education_1138M_P157_18_172,0.19599037155419907
561,lastrejectreasonclient_4145040M_P53_10_15,0.19599037155419907
752,max_incometype_1044T_HANDICAPPED_2,0.1931904482701922
384,mean_pmts_overdue_1140A,0.18955952830629855
744,max_housetype_905L_COOP_FLAT,0.18562740638144182
530,lastcancelreason_561M_P95_76_117,0.17990999593291343
855,max_classificationofcontr_400M_dd6cd7aa,0.17990999593291343
1083,max_financialinstitution_382M_ec7f1260,0.17990999593291343
1163,max_financialinstitution_591M_ff9dc6d9,0.17990999593291343
1173,min_purposeofcred_426M_7a7d6960,0.17990999593291343
999,max_contractst_964M_fd624e63,0.17990999593291343
1168,min_purposeofcred_426M_4039fc25,0.17990999593291343
745,max_housetype_905L_FLAT,0.17907187623399334
446,lastapprcommoditycat_1041M_P33_29_177,0.17846272086734302
1027,max_financialinstitution_382M_a97f66ac,0.16757877367761329
150,sum_credacc_transactions_402L,0.16698336577352066
962,max_contractst_964M_d25ebcc6,0.16355409920237632
837,max_classificationofcontr_400M_be7b251d,0.16355409920237632
1167,min_purposeofcred_426M_28bfa260,0.16355409920237632
475,lastcancelreason_561M_P145_77_120,0.16355409920237632
957,max_contractst_964M_cae5106c,0.16355409920237632
879,max_classificationofcontr_400M_fb8921dc,0.16355409920237632
1115,max_financialinstitution_591M_a97f66ac,0.16331573154000997
1237,max_subjectroles_name_838M_be4fd70b,0.16120147941513457
533,lastcancelreason_561M_P9_82_76,0.14719829098495668
1106,max_financialinstitution_382M_ff9dc6d9,0.14719829098495668
907,max_contractst_964M_88c858bd,0.14719829098495668
1189,min_purposeofcred_874M_28bfa260,0.14719829098495668
807,max_empls_economicalst_849M_P22_131_138,0.14719829098495668
954,max_contractst_964M_c9b445db,0.14719829098495668
462,lastcancelreason_561M_P116_157_162,0.14719829098495668
881,max_classificationofcontr_400M_fd17005c,0.14719829098495668
301,max_monthlyinstlamount_332A,0.1431192762315229
799,max_type_25L_PHONE,0.1408745312586936
758,max_incometype_1044T_SELFEMPLOYED,0.1392075553597333
1165,min_purposeofcred_426M_164ee705,0.13740263153954468
1104,max_financialinstitution_382M_fd828f59,0.13522205699145526
479,lastcancelreason_561M_P169_159_178,0.1345557881422469
894,max_contractst_545M_fd624e63,0.13084257127993787
434,lastapprcommoditycat_1041M_P175_82_175,0.13084257127993787
981,max_contractst_964M_ec24545f,0.13084257127993787
977,max_contractst_964M_e598ef69,0.13084257127993787
973,max_contractst_964M_e16cd716,0.13084257127993787
1197,min_purposeofcred_874M_89ccf2a3,0.13084257127993787
828,max_classificationofcontr_400M_a55475b1,0.12875512454307642
302,sum_monthlyinstlamount_332A,0.1285765627701824
300,mean_monthlyinstlamount_332A,0.12692437243504712
1193,min_purposeofcred_874M_5d1b0cdd,0.12114107367036728
683,max_conts_type_509L_PHONE,0.11999702248184421
339,mean_periodicityofpmts_1102L,0.11804972592555582
1077,max_financialinstitution_382M_e7b2248f,0.11448694008660298
501,lastcancelreason_561M_P23_22_19,0.11448694008660298
1049,max_financialinstitution_382M_cb830fec,0.11448694008660298
675,max_status_219L_P,0.11448694008660298
1107,max_financialinstitution_382M_ffafd794,0.11448694008660298
694,max_credacc_cards_status_52L_UNCONFIRMED,0.11448694008660298
607,max_credtype_587L_REL,0.10220270515970968
636,max_isdebitcard_527L_nan,0.1022027051492999
633,min_isdebitcard_527L_nan,0.1022027051492999
901,max_contractst_964M_8260bab9,0.10147789746612064
677,max_status_219L_R,0.09813139740423008
529,lastcancelreason_561M_P94_154_184,0.09813139740423008
832,max_classificationofcontr_400M_ada1729d,0.09813139740423008
1195,min_purposeofcred_874M_7a7d6960,0.09813139740423008
499,lastcancelreason_561M_P205_40_167,0.09813139740423008
721,max_empl_industry_691L_HEALTH,0.09550584775268789
549,lastrejectreason_759M_P69_72_116,0.09371019047664436
778,max_relationshiptoclient_642T_GRAND_PARENT,0.08949130158817069
767,max_relationshiptoclient_415T_GRAND_PARENT,0.08949130158817069
485,lastcancelreason_561M_P185_66_167,0.08722855259827154
169,max_dtlastpmtallstes_3545839D,0.08679108926976625
1097,max_financialinstitution_382M_f43b5c1d,0.08177594323210374
476,lastcancelreason_561M_P150_0_30,0.08177594323210374
662,max_rejectreasonclient_4145042M_P53_10_15,0.08177594323210374
713,max_empl_industry_691L_ARMY_POLICE,0.08177594323210374
1161,max_financialinstitution_591M_fd828f59,0.08177594323210374
1170,min_purposeofcred_426M_5d1b0cdd,0.08177594323210374
1030,max_financialinstitution_382M_acc27a10,0.08177594323210374
963,max_contractst_964M_d3a8590c,0.08177594323210374
934,max_contractst_964M_b5aee7a5,0.08177594323210374
872,max_classificationofcontr_400M_f276ba7e,0.08177594323210374
839,max_classificationofcontr_400M_bfd4245f,0.08177594323210374
1116,max_financialinstitution_591M_ab7b0f68,0.08177594323210374
1200,min_purposeofcred_874M_a55475b1,0.07655141225853071
1175,min_purposeofcred_426M_96a8fdfe,0.07523767021557973
1230,min_subjectroles_name_838M_15f04f45,0.06682003322673956
560,lastrejectreasonclient_4145040M_P52_67_90,0.06551503045286225
867,max_classificationofcontr_400M_ec433ade,0.0654205775695027
652,max_rejectreason_755M_P48_22_32,0.0654205775695027
1011,max_financialinstitution_382M_P40_25_35,0.0654205775695027
1184,max_purposeofcred_426M_e8f3b178,0.0654205775695027
1102,max_financialinstitution_382M_fa0f756a,0.0654205775695027
1128,max_financialinstitution_591M_cb4bf9b5,0.0654205775695027
506,lastcancelreason_561M_P32_86_86,0.0654205775695027
578,lastst_736L_R,0.0654205775695027
576,lastst_736L_P,0.0654205775695027
841,max_classificationofcontr_400M_c7d7bf98,0.0654205775695027
802,max_type_25L_WHATSAPP,0.0654205775695027
816,max_classificationofcontr_400M_00135d9c,0.0654205775695027
986,max_contractst_964M_f1e73b19,0.0654205775695027
364,max_totaldebtoverduevalue_718A,0.06417416103617304
363,mean_totaldebtoverduevalue_718A,0.0641448385373864
362,min_totaldebtoverduevalue_718A,0.064115205864298
505,lastcancelreason_561M_P32_163_96,0.06193941468998238
829,max_classificationofcontr_400M_a6f21017,0.049065300415710875
1209,max_purposeofcred_874M_b1285059,0.049065300415710875
1033,max_financialinstitution_382M_b2145224,0.049065300415710875
806,max_empls_economicalst_849M_P164_110_33,0.049065300415710875
419,lastapprcommoditycat_1041M_P117_143_46,0.049065300415710875
1207,max_purposeofcred_874M_P188_162_121,0.049065300415710875
1145,max_financialinstitution_591M_e2a39b1a,0.049065300415710875
883,max_classificationofcontr_400M_fdfb29c9,0.049065300415710875
480,lastcancelreason_561M_P16_126_23,0.049065300415710875
503,lastcancelreason_561M_P28_71_137,0.049065300415710875
974,max_contractst_964M_e2e7d341,0.049065300415710875
926,max_contractst_964M_ac6dce3c,0.049065300415710875
885,max_classificationofcontr_400M_ff624637,0.049065300415710875
992,max_contractst_964M_f8814d77,0.049065300415710875
984,max_contractst_964M_ef4b2e3c,0.049065300415710875
448,lastapprcommoditycat_1041M_P3_103_80,0.049065300415710875
834,max_classificationofcontr_400M_b321ded3,0.049065300415710875
1063,max_financialinstitution_382M_db36d360,0.049065300415710875
565,lastrejectreasonclient_4145040M_P69_72_116,0.047794112066259005
743,max_housetype_905L_COMPANY_FLAT,0.047459857257438856
1012,max_financialinstitution_382M_P40_52_135,0.0464928670523581
183,mean_mainoccupationinc_437A,0.04316008868942958
261,max_credlmt_935A,0.041887318223810345
686,max_conts_type_509L_SECONDARY_MOBILE,0.04120141292481466
684,max_conts_type_509L_PRIMARY_EMAIL,0.040996407329491454
1226,max_subjectroles_name_541M_be4fd70b,0.040626361117433965
726,max_empl_industry_691L_MARKETING,0.03935959678513454
427,lastapprcommoditycat_1041M_P143_21_170,0.03923215635761452
996,max_contractst_964M_fc4d11b5,0.03704410071116677
370,max_totaloutstanddebtvalue_668A,0.03682373043717846
532,lastcancelreason_561M_P99_98_113,0.03421605363438351
1142,max_financialinstitution_591M_dc4439a9,0.03271011177000863
1146,max_financialinstitution_591M_e3b74e00,0.03271011177000863
831,max_classificationofcontr_400M_acba4f13,0.03271011177000863
1091,max_financialinstitution_382M_eeea8313,0.03271011177000863
1152,max_financialinstitution_591M_eeea8313,0.03271011177000863
463,lastcancelreason_561M_P118_140_56,0.03271011177000863
1120,max_financialinstitution_591M_b886c08a,0.03271011177000863
813,max_classificationofcontr_13M_be7b251d,0.03271011177000863
808,max_empls_economicalst_849M_P28_32_178,0.03271011177000863
942,max_contractst_964M_be9e15dc,0.03271011177000863
1182,max_purposeofcred_426M_b1285059,0.03271011177000863
944,max_contractst_964M_c0187f17,0.03271011177000863
1190,min_purposeofcred_874M_4039fc25,0.03271011177000863
1031,max_financialinstitution_382M_af6f3698,0.03271011177000863
913,max_contractst_964M_99b37d4f,0.03271011177000863
899,max_contractst_964M_7640edc3,0.03271011177000863
447,lastapprcommoditycat_1041M_P38_69_128,0.03271011177000863
1017,max_financialinstitution_382M_a24a91cd,0.03271011177000863
653,max_rejectreason_755M_P53_10_15,0.03271011177000863
960,max_contractst_964M_ce70bd69,0.03271011177000863
436,lastapprcommoditycat_1041M_P181_140_94,0.03271011177000863
1023,max_financialinstitution_382M_a7156135,0.03271011177000863
654,max_rejectreason_755M_P5_143_178,0.03271011177000863
1218,min_subjectroles_name_541M_1d94eac1,0.03271011177000863
870,max_classificationofcontr_400M_f0517bc9,0.03271011177000863
655,max_rejectreason_755M_P84_14_61,0.03271011177000863
1216,min_subjectroles_name_541M_0c42a10e,0.03271011177000863
1029,max_financialinstitution_382M_ab7b0f68,0.03271011177000863
932,max_contractst_964M_b467764d,0.03271011177000863
1204,max_purposeofcred_874M_7ff464db,0.03271011177000863
925,max_contractst_964M_ac49f7e1,0.03271011177000863
861,max_classificationofcontr_400M_e5957374,0.03271011177000863
941,max_contractst_964M_be389466,0.03271011177000863
854,max_classificationofcontr_400M_dbf17744,0.03271011177000863
971,max_contractst_964M_df63fbf8,0.03271011177000863
953,max_contractst_964M_c9a96633,0.03271011177000863
421,lastapprcommoditycat_1041M_P126_161_96,0.03271011177000863
843,max_classificationofcontr_400M_ca07e0d6,0.03271011177000863
1231,min_subjectroles_name_838M_71ddaa88,0.03271011177000863
909,max_contractst_964M_89c856d6,0.03271011177000863
1213,max_purposeofcred_874M_e8f3b178,0.03204761009528456
369,mean_totaloutstanddebtvalue_668A,0.030276565126020196
731,max_empl_industry_691L_RECRUITMENT,0.028410012270664798
931,max_contractst_964M_b3d257d6,0.02561222987309636
1096,max_financialinstitution_382M_f27ed340,0.023244055060185172
454,lastapprcommoditycat_1041M_P65_94_74,0.021278955443345057
1080,max_financialinstitution_382M_e9bfdb5c,0.020617839736827716
989,max_contractst_964M_f42e087b,0.019678455643864622
1127,max_financialinstitution_591M_c278975a,0.019678455643864622
368,min_totaloutstanddebtvalue_668A,0.018510557977431265
359,min_totaldebtoverduevalue_178A,0.018492010492696716
443,lastapprcommoditycat_1041M_P216_109_183,0.017502279974984408
282,mean_debtoverdue_47A,0.017008605635262335
281,min_debtoverdue_47A,0.017008605635262335
284,sum_debtoverdue_47A,0.017008605635262335
283,max_debtoverdue_47A,0.017008605635262335
361,max_totaldebtoverduevalue_178A,0.01678149021124066
1154,max_financialinstitution_591M_f0606fbf,0.01635501163167786
1149,max_financialinstitution_591M_eb77f8bf,0.01635501163167786
1147,max_financialinstitution_591M_e7b2248f,0.01635501163167786
557,lastrejectreasonclient_4145040M_P203_151_99,0.01635501163167786
1229,min_subjectroles_name_838M_0c42a10e,0.01635501163167786
1219,min_subjectroles_name_541M_71ddaa88,0.01635501163167786
558,lastrejectreasonclient_4145040M_P204_22_168,0.01635501163167786
515,lastcancelreason_561M_P60_96_75,0.01635501163167786
517,lastcancelreason_561M_P65_58_157,0.01635501163167786
518,lastcancelreason_561M_P68_132_180,0.01635501163167786
527,lastcancelreason_561M_P91_110_150,0.01635501163167786
661,max_rejectreasonclient_4145042M_P30_86_84,0.01635501163167786
1205,max_purposeofcred_874M_89ccf2a3,0.01635501163167786
664,max_rejectreasonclient_4145042M_P69_72_116,0.01635501163167786
1202,max_purposeofcred_874M_5065c2b8,0.01635501163167786
498,lastcancelreason_561M_P204_22_168,0.01635501163167786
1199,min_purposeofcred_874M_P188_162_121,0.01635501163167786
1101,max_financialinstitution_382M_fa038fc4,0.01635501163167786
1143,max_financialinstitution_591M_dcd48f0a,0.01635501163167786
1039,max_financialinstitution_382M_bb719b97,0.01635501163167786
890,max_contractst_545M_ba680094,0.01635501163167786
1014,max_financialinstitution_382M_P8_56_129,0.01635501163167786
878,max_classificationofcontr_400M_fac27da4,0.01635501163167786
875,max_classificationofcontr_400M_f6c40125,0.01635501163167786
453,lastapprcommoditycat_1041M_P58_25_91,0.01635501163167786
1035,max_financialinstitution_382M_b311e4b2,0.01635501163167786
1037,max_financialinstitution_382M_b73034ed,0.01635501163167786
866,max_classificationofcontr_400M_ec2a5430,0.01635501163167786
906,max_contractst_964M_885ce291,0.01635501163167786
864,max_classificationofcontr_400M_e6fe1970,0.01635501163167786
1043,max_financialinstitution_382M_c183e3d7,0.01635501163167786
857,max_classificationofcontr_400M_df310bb5,0.01635501163167786
1047,max_financialinstitution_382M_cad704d3,0.01635501163167786
1048,max_financialinstitution_382M_cb4bf9b5,0.01635501163167786
853,max_classificationofcontr_400M_db56c4a9,0.01635501163167786
849,max_classificationofcontr_400M_d390ec0f,0.01635501163167786
900,max_contractst_964M_823dcc3b,0.01635501163167786
998,max_contractst_964M_fc918d85,0.01635501163167786
836,max_classificationofcontr_400M_bdebff11,0.01635501163167786
927,max_contractst_964M_ad6778a7,0.01635501163167786
949,max_contractst_964M_c40ad59a,0.01635501163167786
950,max_contractst_964M_c44754ae,0.01635501163167786
952,max_contractst_964M_c98a5e22,0.01635501163167786
939,max_contractst_964M_ba1f9cb6,0.01635501163167786
936,max_contractst_964M_b6c22a8c,0.01635501163167786
965,max_contractst_964M_d7162397,0.01635501163167786
928,max_contractst_964M_adaefd8a,0.01635501163167786
976,max_contractst_964M_e51c6000,0.01635501163167786
997,max_contractst_964M_fc8b6663,0.01635501163167786
978,max_contractst_964M_e626f221,0.01635501163167786
979,max_contractst_964M_e6697cc1,0.01635501163167786
982,max_contractst_964M_ec535951,0.01635501163167786
983,max_contractst_964M_ed8c6655,0.01635501163167786
922,max_contractst_964M_a8b84c0b,0.01635501163167786
915,max_contractst_964M_a13b3828,0.01635501163167786
993,max_contractst_964M_fb26e94c,0.01635501163167786
1141,max_financialinstitution_591M_dbddb6bb,0.01635501163167786
846,max_classificationofcontr_400M_cfdd8b9c,0.01635501163167786
1103,max_financialinstitution_382M_fd524fdd,0.01635501163167786
1124,max_financialinstitution_591M_be223a36,0.01635501163167786
804,max_empls_economicalst_849M_P112_86_147,0.01635501163167786
471,lastcancelreason_561M_P129_101_181,0.01635501163167786
1108,max_financialinstitution_382M_ffc154eb,0.01635501163167786
482,lastcancelreason_561M_P17_160_152,0.01635501163167786
1121,max_financialinstitution_591M_b89ec6e0,0.01635501163167786
1123,max_financialinstitution_591M_bbef8ee7,0.01635501163167786
487,lastcancelreason_561M_P188_66_164,0.01635501163167786
1092,max_financialinstitution_382M_ef973dcd,0.01635501163167786
488,lastcancelreason_561M_P191_55_173,0.01635501163167786
492,lastcancelreason_561M_P199_114_13,0.01635501163167786
1131,max_financialinstitution_591M_cc8de998,0.01635501163167786
497,lastcancelreason_561M_P203_151_99,0.01635501163167786
1139,max_financialinstitution_591M_db36d360,0.01635501163167786
1140,max_financialinstitution_591M_dbb3c814,0.01635501163167786
1094,max_financialinstitution_382M_f0606fbf,0.01635501163167786
910,max_contractst_964M_8af2607b,0.01635501163167786
1090,max_financialinstitution_382M_ee9c55a2,0.01635501163167786
1085,max_financialinstitution_382M_ecb0cf3d,0.01635501163167786
1062,max_financialinstitution_382M_d7907c49,0.01635501163167786
1064,max_financialinstitution_382M_db73c5b4,0.01635501163167786
1072,max_financialinstitution_382M_e1b596cd,0.01635501163167786
826,max_classificationofcontr_400M_98dfefeb,0.01635501163167786
817,max_classificationofcontr_400M_01f63ac8,0.01635501163167786
1076,max_financialinstitution_382M_e795b70e,0.01635501163167786
1084,max_financialinstitution_382M_ec92ab0d,0.01635501163167786
1078,max_financialinstitution_382M_e916f140,0.01635501163167786
1087,max_financialinstitution_382M_edc70773,0.01635501163167786
805,max_empls_economicalst_849M_P148_57_109,0.01635501163167786
360,mean_totaldebtoverduevalue_178A,0.016024091365955236
509,lastcancelreason_561M_P53_10_15,0.013133017668673863
869,max_classificationofcontr_400M_edc37208,0.013133017668673863
340,max_periodicityofpmts_1102L,0.011325785346347421
1183,max_purposeofcred_426M_e19fdece,0.011310369524495515
299,min_monthlyinstlamount_332A,0.00789640956270284
1057,max_financialinstitution_382M_d3279774,0.005605181608844128
468,lastcancelreason_561M_P122_66_161,0.002977484347816077
338,min_periodicityofpmts_1102L,0.00044303274855619196
665,max_rejectreasonclient_4145042M_P84_14_61,0.0002987426625930112
391,max_pmts_year_1139T,0.0
381,mean_pmts_month_706T,-22.537053439622085
378,mean_pmts_month_158T,-368.0235921830805
212,count_mainoccupationinc_384A,
215,min_personindex_1023L,
220,min_persontype_1072L,
225,min_persontype_792L,
347,min_residualamount_488A,
348,mean_residualamount_488A,
349,max_residualamount_488A,
406,credtype_322L_nan,
414,inittransactioncode_186L_nan,
429,lastapprcommoditycat_1041M_P155_91_176,
439,lastapprcommoditycat_1041M_P187_21_169,
441,lastapprcommoditycat_1041M_P201_108_190,
457,lastapprcommoditycat_1041M_P93_39_173,
460,lastapprcommoditycat_1041M_nan,
477,lastcancelreason_561M_P151_143_25,
512,lastcancelreason_561M_P59_114_135,
514,lastcancelreason_561M_P60_137_164,
520,lastcancelreason_561M_P72_115_176,
522,lastcancelreason_561M_P7_85_64,
525,lastcancelreason_561M_P89_110_159,
535,lastcancelreason_561M_nan,
538,lastrejectreason_759M_P185_59_178,
554,lastrejectreason_759M_nan,
562,lastrejectreasonclient_4145040M_P59_114_135,
569,lastrejectreasonclient_4145040M_nan,
650,max_rejectreason_755M_P19_25_34,
751,max_incometype_1044T_HANDICAPPED,
811,max_classificationofcontr_13M_4408ff0f,
818,max_classificationofcontr_400M_1c2f906f,
819,max_classificationofcontr_400M_34a4286a,
820,max_classificationofcontr_400M_55eb9d11,
821,max_classificationofcontr_400M_5ad7b811,
822,max_classificationofcontr_400M_77c7bdfb,
823,max_classificationofcontr_400M_826d5b48,
824,max_classificationofcontr_400M_87bdbcba,
825,max_classificationofcontr_400M_9158339f,
827,max_classificationofcontr_400M_a4b6a70e,
835,max_classificationofcontr_400M_b46aa032,
838,max_classificationofcontr_400M_bfb263bd,
840,max_classificationofcontr_400M_c2830c2c,
842,max_classificationofcontr_400M_c92b8c91,
844,max_classificationofcontr_400M_cc12f684,
845,max_classificationofcontr_400M_cf2a5973,
847,max_classificationofcontr_400M_d08d0168,
848,max_classificationofcontr_400M_d2a43f71,
850,max_classificationofcontr_400M_d4a7e588,
851,max_classificationofcontr_400M_d6782292,
856,max_classificationofcontr_400M_de91ca09,
859,max_classificationofcontr_400M_e2c05ae3,
860,max_classificationofcontr_400M_e42e02c7,
862,max_classificationofcontr_400M_e69bbbcb,
873,max_classificationofcontr_400M_f2d302b1,
882,max_classificationofcontr_400M_fd56b478,
884,max_classificationofcontr_400M_fef6ef3e,
887,max_contractst_545M_7241344e,
893,max_contractst_545M_f7394eb0,
897,max_contractst_964M_731da4bd,
898,max_contractst_964M_74236c35,
902,max_contractst_964M_83931972,
903,max_contractst_964M_8456b067,
904,max_contractst_964M_866fd1ca,
905,max_contractst_964M_88098bd3,
912,max_contractst_964M_98d87078,
916,max_contractst_964M_a1eaca09,
917,max_contractst_964M_a337104c,
929,max_contractst_964M_b0a06c3d,
933,max_contractst_964M_b55d21ee,
943,max_contractst_964M_bfc6289f,
945,max_contractst_964M_c0280514,
951,max_contractst_964M_c45a5983,
955,max_contractst_964M_ca11076f,
959,max_contractst_964M_ccfa4a87,
961,max_contractst_964M_cf732f81,
967,max_contractst_964M_d78f96b9,
969,max_contractst_964M_dd67cff0,
970,max_contractst_964M_df4cb6f5,
972,max_contractst_964M_e06c54e4,
975,max_contractst_964M_e48d65a1,
980,max_contractst_964M_e6f25047,
985,max_contractst_964M_f171a879,
987,max_contractst_964M_f2d363ee,
988,max_contractst_964M_f3f3567a,
995,max_contractst_964M_fb5bb537,
1005,max_financialinstitution_382M_7afec4b0,
1006,max_financialinstitution_382M_9a93e20f,
1008,max_financialinstitution_382M_P102_97_118,
1015,max_financialinstitution_382M_a0904c48,
1018,max_financialinstitution_382M_a4166819,
1020,max_financialinstitution_382M_a5145fc8,
1022,max_financialinstitution_382M_a56a8ba1,
1024,max_financialinstitution_382M_a7f63d22,
1034,max_financialinstitution_382M_b28b69e3,
1038,max_financialinstitution_382M_b886c08a,
1045,max_financialinstitution_382M_c6b2d6a3,
1052,max_financialinstitution_382M_cda47c70,
1053,max_financialinstitution_382M_cdb46169,
1061,max_financialinstitution_382M_d70a15dc,
1065,max_financialinstitution_382M_dbb3c814,
1068,max_financialinstitution_382M_dcbb62d1,
1071,max_financialinstitution_382M_dd48faeb,
1079,max_financialinstitution_382M_e9bcbab2,
1082,max_financialinstitution_382M_eb77f8bf,
1089,max_financialinstitution_382M_ee913009,
1093,max_financialinstitution_382M_efb8d575,
1098,max_financialinstitution_382M_f444d6be,
1105,max_financialinstitution_382M_fdb642d7,
1110,max_financialinstitution_591M_9325d851,
1112,max_financialinstitution_591M_a56a8ba1,
1113,max_financialinstitution_591M_a7156135,
1114,max_financialinstitution_591M_a91f3bf3,
1117,max_financialinstitution_591M_afe1ec40,
1125,max_financialinstitution_591M_bf7a9f55,
1136,max_financialinstitution_591M_d77375d8,
1137,max_financialinstitution_591M_d7907c49,
1150,max_financialinstitution_591M_ec92ab0d,
1151,max_financialinstitution_591M_ee9c55a2,
1153,max_financialinstitution_591M_efb8d575,
1159,max_financialinstitution_591M_fa0f756a,
1160,max_financialinstitution_591M_fa89e91a,
1162,max_financialinstitution_591M_fea0fda3,
1174,min_purposeofcred_426M_8193a6ce,
1177,min_purposeofcred_426M_P188_162_121,
1180,max_purposeofcred_426M_96a8fdfe,
1196,min_purposeofcred_874M_7ff464db,
1220,min_subjectroles_name_541M_9ba4314a,
1222,min_subjectroles_name_541M_ab3c25cf,
