,Feature,mean_score
791,max_role_1084L_nan,572492.7500275108
763,max_language1_981M_nan,572492.7500275108
797,max_sex_738L_nan,572492.7500275108
759,max_incometype_1044T_nan,572492.7500275108
707,max_education_927M_nan,572492.7500275108
803,max_type_25L_nan,572492.7500275108
794,max_safeguarantyflag_411L_nan,388021.71376685746
377,min_pmts_month_158T,95603.48722921283
380,min_pmts_month_706T,95568.52487283168
379,max_pmts_month_158T,95531.11530094642
382,max_pmts_month_706T,95527.52812085334
381,mean_pmts_month_706T,95357.59208058157
378,mean_pmts_month_158T,94290.82820514074
80,pctinstlsallpaidlate1d_3546856L,8701.33573530614
81,pctinstlsallpaidlate4d_3546849L,8356.20186343441
82,pctinstlsallpaidlate6d_3546844L,7907.468546764638
79,pctinstlsallpaidlat10d_839L,7197.558068107689
700,max_contaddr_smempladdr_334L_nan,4583.805045848155
697,max_contaddr_matchlist_1032L_nan,4583.805045848155
696,max_contaddr_matchlist_1032L_False,4583.805045787662
63,numinstlswithdpd10_728L,4540.059858539088
78,pctinstlsallpaidearl3d_427L,4207.209901624892
543,lastrejectreason_759M_P45_84_106,3964.0627669976493
94,days120_123L,3795.233263697216
95,days180_256L,3731.203609821278
98,days90_310L,3630.2278108748037
553,lastrejectreason_759M_a55475b1,3628.181976116263
568,lastrejectreasonclient_4145040M_a55475b1,3538.9094136823423
528,lastcancelreason_561M_P94_109_143,3399.463968718505
571,lastst_736L_D,3281.489699994965
77,numrejects9m_859L,3154.0552138092817
567,lastrejectreasonclient_4145040M_P94_109_143,3130.3263782794997
9,avgmaxdpdlast9m_3716943P,3075.5681358014317
534,lastcancelreason_561M_a55475b1,2902.460288768102
99,numberofqueries_373L,2879.456866869836
97,days360_512L,2879.456866869836
96,days30_165L,2705.391510531347
56,mobilephncnt_593L,2648.030740896795
205,max_birth_259D,2255.250812351085
58,numcontrs3months_479L,2169.845322649782
93,dateofbirth_337D,1892.1668858971566
67,numinstpaidearly3d_3546850L,1728.4610130723788
188,sum_maxdpdtolerance_577P,1726.7131058516552
186,max_maxdpdtolerance_577P,1702.9310152640194
60,numinstlallpaidearly3d_817L,1680.0051822701616
52,maxdpdtolerance_374P,1635.6062708219727
62,numinstlsallpaid_934L,1607.1383962978698
21,daysoverduetolerancedd_3976961L,1603.4476568382495
172,max_employedfrom_700D,1580.9977850238984
187,mean_maxdpdtolerance_577P,1574.5559626917989
173,mean_employedfrom_700D,1539.2193067363207
69,numinstpaidearly_338L,1534.113918487634
7,avgdpdtolclosure24_3658938P,1516.8418909455463
194,mean_pmtnum_8L,1512.3817070384018
202,mean_tenor_203L,1512.3817070384018
38,lastrejectdate_50D,1487.9541850118173
64,numinstlswithoutdpd_562L,1402.7496774318543
4,avgdbddpdlast24m_3658932P,1388.7642618951581
193,max_pmtnum_8L,1386.1127549448133
201,max_tenor_203L,1386.1127549448133
68,numinstpaidearly3dest_4493216L,1361.6095326183702
65,numinstmatpaidtearly2d_4499204L,1347.2857782832527
171,min_employedfrom_700D,1327.3851987161497
594,requesttype_4525192L_DEDUCTION_6,1316.9199639279364
45,maxdpdfrom6mto36m_3546853P,1304.9278485809084
48,maxdpdlast24m_143P,1220.2390597969595
19,datelastinstal40dpd_247D,1167.2104025307465
756,max_incometype_1044T_RETIRED_PENSIONER,1117.0686507283126
54,mindbddpdlast24m_3658935P,1088.6692123452622
1,amtinstpaidbefduel24m_4187115A,1037.9558297670542
796,max_sex_738L_M,1035.3029762832766
795,max_sex_738L_F,1034.5739442437823
6,avgdbdtollast24m_4525197P,1017.485754390099
47,maxdpdlast12m_727P,1010.6348907948089
42,maxdbddpdtollast12m_3658940P,977.847601744264
206,max_empl_employedfrom_271D,960.9105577916587
208,min_empl_employedfrom_271D,960.9105577916587
207,mean_empl_employedfrom_271D,960.9105577916587
185,min_maxdpdtolerance_577P,937.8426916799153
26,firstclxcampaign_1125D,930.8864027819727
670,max_status_219L_D,929.7779983822948
597,requesttype_4525192L_nan,928.9387060656788
195,sum_pmtnum_8L,924.601608653039
203,sum_tenor_203L,924.601608653039
57,monthsannuity_845L,906.7594012834704
573,lastst_736L_K,877.9688740819538
83,pmtnum_254L,872.034157767171
614,max_education_1138M_a55475b1,868.6026885662868
51,maxdpdlast9m_1059P,849.6839636864012
240,sum_amount_4527230A,788.4727393399335
55,mindbdtollast24m_4525191P,784.128679051255
1221,min_subjectroles_name_541M_a55475b1,778.0722687698515
1233,min_subjectroles_name_838M_a55475b1,774.2486938329416
91,birthdate_574D,764.5466605522735
1239,max_subjectroles_name_838M_nan,757.4962166825687
1223,min_subjectroles_name_541M_nan,757.4962166825687
1228,max_subjectroles_name_541M_nan,757.4962166825687
1234,min_subjectroles_name_838M_nan,757.4962166825687
1225,max_subjectroles_name_541M_ab3c25cf,703.2742481583056
399,ratio_queries_120,699.4161711514565
1236,max_subjectroles_name_838M_ab3c25cf,677.5590002870061
755,max_incometype_1044T_PRIVATE_SECTOR_EMPLOYEE,677.4064425402648
398,ratio_queries_90,672.7106422208478
190,mean_outstandingdebt_522A,671.6522830824294
14,cntpmts24_3658933L,637.2390474584425
400,ratio_queries_180,634.3769620275364
43,maxdbddpdtollast6m_4187119P,616.1185940158855
156,mean_currdebt_94A,616.107818232321
619,max_familystate_726L_SINGLE,611.5446493704354
72,numinstregularpaidest_4493210L,604.8826452981439
59,numincomingpmts_3546848L,603.0291441639906
66,numinstpaid_4499208L,601.2554278490061
71,numinstregularpaid_973L,600.6921011656073
22,disbursedcredamount_1113A,597.3059863340525
106,secondquarter_766L,594.8743182603777
103,pmtssum_45A,592.6610118134042
168,min_dtlastpmtallstes_3545839D,589.1092350971201
236,count_num_group1_tax_registry_a,583.3317349580667
625,max_inittransactioncode_279L_nan,578.4896407291392
608,max_credtype_587L_nan,578.4896407291392
688,max_conts_type_509L_nan,569.1519675771588
626,min_isbidproduct_390L_False,568.8409860720644
627,min_isbidproduct_390L_nan,568.8409860719734
615,max_education_1138M_nan,568.8409860719734
646,max_postype_4733339M_nan,568.8409860719734
680,max_status_219L_nan,568.8409860719734
668,max_rejectreasonclient_4145042M_nan,568.8409860719734
659,max_rejectreason_755M_nan,568.8409860719734
630,max_isbidproduct_390L_nan,568.8409860719734
237,max_amount_4527230A,566.8032439946896
581,lastst_736L_nan,557.9891150907699
375,mean_pmts_dpd_303P,551.0815286343828
50,maxdpdlast6m_474P,549.9123109681502
176,mean_firstnonzeroinstldate_307D,548.3357136117954
777,max_relationshiptoclient_642T_FRIEND,544.1203126183622
766,max_relationshiptoclient_415T_FRIEND,544.1203126183622
153,sum_credamount_590A,541.9917967217907
552,lastrejectreason_759M_P99_56_166,536.7562195554937
15,credamount_770A,530.7006925208507
102,pmtscount_423L,530.1293611395313
666,max_rejectreasonclient_4145042M_P94_109_143,529.3360783857006
628,max_isbidproduct_390L_False,524.5682093047214
685,max_conts_type_509L_PRIMARY_MOBILE,522.0681384480405
736,max_empl_industry_691L_nan,504.4309767230497
76,numinstunpaidmaxest_4493212L,499.2198050888854
74,numinsttopaygrest_4493213L,496.4137005558073
5,avgdbddpdlast3m_4187120P,492.86057516755994
73,numinsttopaygr_769L,486.667673676453
134,sum_credacc_actualbalance_314A,480.75974665072545
75,numinstunpaidmax_3546851L,477.36642395671265
711,max_empl_employedtotal_800L_nan,476.64195326145807
84,price_1097A,474.76309096846535
397,ratio_queries_30,467.01984907307116
644,max_postype_4733339M_P67_102_161,466.88629751669043
728,max_empl_industry_691L_OTHER,460.44870010865566
612,max_education_1138M_P33_146_175,458.2501484734087
130,mean_creationdate_885D,445.45959998822525
551,lastrejectreason_759M_P94_109_143,444.9758419797317
44,maxdebt4_972A,444.01415766746055
588,education_1103M_39a0853f,438.1796179907829
238,mean_amount_4527230A,435.45445184949165
107,thirdquarter_1082L,433.6443228520286
184,sum_mainoccupationinc_437A,428.9322853938738
256,sum_pmtamount_36A,417.5612296051551
46,maxdpdinstldate_3546855D,415.8348786740321
710,max_empl_employedtotal_800L_MORE_ONE,405.1106481142356
589,education_1103M_6b2ae0fa,398.13408167130353
1192,min_purposeofcred_874M_5065c2b8,394.7669239814236
1002,max_description_351M_a55475b1,389.8901154836186
585,description_5085714M_2fc785b2,386.574520968228
165,min_dtlastpmt_581D,376.8385779147577
393,mean_pmts_year_507T,373.3249870730818
88,totaldebt_9A,368.19995039438265
920,max_contractst_964M_a55475b1,367.8393164116058
16,currdebt_22A,367.58530733462646
174,min_firstnonzeroinstldate_307D,366.23932382310556
814,max_classificationofcontr_13M_ea6782cc,360.04547714424086
888,max_contractst_545M_a55475b1,359.177886336861
586,description_5085714M_a55475b1,358.9533226344429
1181,max_purposeofcred_426M_a55475b1,353.05486887281376
376,max_pmts_dpd_303P,348.4245109167524
1201,min_purposeofcred_874M_nan,347.46340082758365
815,max_classificationofcontr_13M_nan,347.46340082758365
1164,max_financialinstitution_591M_nan,347.46340082758365
1185,max_purposeofcred_426M_nan,347.46340082758365
1215,max_purposeofcred_874M_nan,347.46340082758365
1179,min_purposeofcred_426M_nan,347.46340082758365
895,max_contractst_545M_nan,347.46340082758365
1001,max_contractst_964M_nan,347.46340082758365
886,max_classificationofcontr_400M_nan,347.46340082758365
1109,max_financialinstitution_382M_nan,347.46340082758365
1004,max_description_351M_nan,347.46340082758365
108,count_num_group1,345.424690109386
25,eir_270L,345.010354189233
30,interestrate_311L,345.010354189233
651,max_rejectreason_755M_P45_84_106,344.9029416152799
1171,min_purposeofcred_426M_60c73645,334.2087400174558
41,maxdbddpdlast1m_3658939P,333.52345572226176
392,min_pmts_year_507T,333.5017364108164
199,sum_revolvingaccount_394A,326.2497656272777
175,max_firstnonzeroinstldate_307D,324.76770285032427
158,min_dateactivated_425D,322.15336940371816
27,firstdatedue_489D,316.457091676071
118,min_approvaldate_319D,316.0312286811451
344,min_refreshdate_3813885D,312.25847425855386
89,totalsettled_863A,298.76359644968005
221,count_persontype_1072L,298.5453693379772
230,count_role_1084L,298.5453693379772
691,max_credacc_cards_status_52L_CANCELLED,297.5930534168678
128,min_creationdate_885D,297.516448804446
624,max_inittransactioncode_279L_POS,296.2513672875449
255,max_pmtamount_36A,293.87593894063605
606,max_credtype_587L_COL,292.09344964541754
192,min_pmtnum_8L,290.6606209801042
200,min_tenor_203L,290.6606209801042
252,count_num_group1_tax_registry_c,289.79066064459516
600,max_credacc_status_367L_CL,288.7716013668152
673,max_status_219L_L,286.7815334143951
87,sumoutstandtotalest_4493215A,286.28269945428053
20,datelastunpaid_3546854D,280.6589048621968
750,max_incometype_1044T_EMPLOYED,275.44311038249685
698,max_contaddr_smempladdr_334L_False,274.7116263318626
222,sum_persontype_1072L,274.30674069234743
86,sumoutstandtotal_3546847A,274.08659337325787
61,numinstls_657L,273.44318502132694
170,mean_dtlastpmtallstes_3545839D,271.622253541771
740,max_familystate_447L_SINGLE,267.747186831103
865,max_classificationofcontr_400M_ea6782cc,259.49277403648637
657,max_rejectreason_755M_P99_56_166,258.2351714360125
254,mean_pmtamount_36A,253.30707539333673
333,mean_overdueamountmaxdateyear_2T,251.83854747402393
676,max_status_219L_Q,251.00950209938463
1208,max_purposeofcred_874M_a55475b1,249.7329140774364
783,max_relationshiptoclient_642T_SIBLING,245.43253490732462
772,max_relationshiptoclient_415T_SIBLING,245.43253490732462
49,maxdpdlast3m_392P,244.34978662357832
133,mean_credacc_actualbalance_314A,241.16365689382042
17,currdebtcredtyperange_828A,240.0252369608305
227,sum_persontype_792L,239.58876636987748
1119,max_financialinstitution_591M_b619fa46,239.53029718146976
33,lastapplicationdate_877D,239.21578637935468
129,max_creationdate_885D,238.89713487671236
189,max_outstandingdebt_522A,238.20625078548534
132,max_credacc_actualbalance_314A,238.13711933805092
332,min_overdueamountmaxdateyear_2T,232.79022582095968
761,max_language1_981M_P209_127_106,231.65221532643926
155,max_currdebt_94A,229.76976738145294
373,max_pmts_dpd_1073P,225.4268972579777
152,mean_credamount_590A,222.8348997292071
217,sum_personindex_1023L,215.38448384716384
131,min_credacc_actualbalance_314A,212.70319761920905
191,sum_outstandingdebt_522A,211.46574013288188
239,min_amount_4527230A,209.35568769683027
224,mean_persontype_792L,208.07471305607794
137,mean_credacc_credlmt_575A,204.46888762581722
708,max_empl_employedtotal_800L_LESS_ONE,202.48181312130845
800,max_type_25L_PRIMARY_MOBILE,200.45856687428747
32,lastactivateddate_801D,198.8520144741616
1003,max_description_351M_f8e51f8d,197.57940607989312
390,mean_pmts_year_1139T,197.25367526094885
157,sum_currdebt_94A,197.2158800495974
216,count_personindex_1023L,194.80237167776
226,count_persontype_792L,194.80237167776
214,mean_personindex_1023L,194.8023716775012
228,count_relationshiptoclient_415T,194.8023716775012
213,max_personindex_1023L,194.8023716775012
229,count_relationshiptoclient_642T,193.2995372454165
159,max_dateactivated_425D,188.1861598755854
1021,max_financialinstitution_382M_a55475b1,186.30488127379797
746,max_housetype_905L_OWNED,185.6495686853582
604,max_credacc_status_367L_nan,182.4121879636112
154,min_currdebt_94A,181.70056823207736
695,max_credacc_cards_status_52L_nan,178.69922192836722
335,min_overdueamountmaxdateyear_994T,178.17224668652733
516,lastcancelreason_561M_P64_121_167,176.55447204570726
773,max_relationshiptoclient_415T_SPOUSE,176.47073662082786
784,max_relationshiptoclient_642T_SPOUSE,176.47073662082786
564,lastrejectreasonclient_4145040M_P64_121_167,173.913814990408
297,min_lastupdate_388D,169.5856399063149
749,max_housetype_905L_nan,169.35561152446257
258,min_processingdate_168D,169.35261725247955
336,mean_overdueamountmaxdateyear_994T,164.73242793725305
896,max_contractst_964M_7241344e,160.83509087129426
275,min_dateofrealrepmt_138D,160.09202773370214
296,mean_lastupdate_388D,157.0338645021725
764,max_relationshiptoclient_415T_CHILD,155.4714622940267
775,max_relationshiptoclient_642T_CHILD,155.4714622940267
218,max_persontype_1072L,155.05350431655077
223,max_persontype_792L,155.05350431655077
253,min_pmtamount_36A,153.73630744513
621,max_familystate_726L_nan,152.69700458780753
432,lastapprcommoditycat_1041M_P159_130_59,152.36357660199593
389,min_pmts_year_1139T,149.39905196699291
101,pmtaverage_4527227A,149.26639863505216
1206,max_purposeofcred_874M_96a8fdfe,148.44729505326134
2,annuity_780A,147.55654325477246
674,max_status_219L_N,144.46103406905053
274,mean_dateofrealrepmt_138D,143.55968495458674
574,lastst_736L_L,141.7186854292083
948,max_contractst_964M_c400401f,137.98251060338322
667,max_rejectreasonclient_4145042M_a55475b1,137.19621415098237
116,sum_annuity_853A,137.1026991879582
372,mean_pmts_dpd_1073P,136.9847010089984
603,max_credacc_status_367L_PO,136.5323422234477
577,lastst_736L_Q,136.12986011383333
575,lastst_736L_N,135.24421400253667
504,lastcancelreason_561M_P30_86_84,133.9435610044217
135,min_credacc_credlmt_575A,133.77651412914645
35,lastapprdate_640D,127.59324437066502
145,mean_credacc_minhisbal_90A,126.98063678235762
642,max_postype_4733339M_P46_145_78,125.36325345370182
266,min_dateofcredend_353D,124.34573809142299
706,max_education_927M_a55475b1,123.8594763917323
579,lastst_736L_S,121.78067780650903
658,max_rejectreason_755M_a55475b1,120.37276432895584
167,mean_dtlastpmt_581D,119.91592830724505
757,max_incometype_1044T_SALARIED_GOVT,119.2020010745116
144,max_credacc_minhisbal_90A,118.46120352146963
10,avgoutstandbalancel6m_4187114A,118.17420803730863
117,max_approvaldate_319D,118.10777298240785
40,maxannuity_159A,118.01111575854003
143,min_credacc_minhisbal_90A,117.52475958799963
248,sum_amount_4917619A,116.31030132072405
13,cntincpaycont9m_3716944L,116.25022058655341
269,min_dateofcredstart_181D,113.75555250273207
334,max_overdueamountmaxdateyear_2T,112.76325293854377
765,max_relationshiptoclient_415T_COLLEAGUE,112.40934293389002
776,max_relationshiptoclient_642T_COLLEAGUE,112.40934293389002
345,mean_refreshdate_3813885D,111.88258800913285
788,max_role_1084L_CL,111.39648433634758
70,numinstpaidlastcontr_4325080L,109.7453322274226
786,max_remitter_829L_False,108.19155250217753
790,max_role_1084L_PE,108.19155250217753
774,max_relationshiptoclient_415T_nan,108.19155250210078
785,max_relationshiptoclient_642T_nan,108.19155250210078
787,max_remitter_829L_nan,108.19155250210078
100,pmtaverage_3A,106.7793364674722
559,lastrejectreasonclient_4145040M_P30_86_84,106.40974602674083
591,education_1103M_a55475b1,103.41615052588864
570,lastst_736L_A,103.40567379985566
8,avglnamtstart24m_4525187A,103.26828630851071
286,mean_dpdmax_139P,102.5202417309122
323,mean_numberofoverdueinstlmax_1039L,101.30243615124283
243,min_recorddate_4527225D,100.74627579905581
242,mean_recorddate_4527225D,100.74627579905581
241,max_recorddate_4527225D,100.74627579905581
113,min_annuity_853A,99.31140656702746
555,lastrejectreasonclient_4145040M_P129_162_80,99.0384114321343
472,lastcancelreason_561M_P129_162_80,99.00407183208097
287,max_dpdmax_139P,96.59438292121887
288,sum_dpdmax_139P,96.57428482131299
36,lastdelinqdate_224D,94.70695316803389
219,mean_persontype_1072L,94.02946283017886
1111,max_financialinstitution_591M_a55475b1,94.02067825358193
678,max_status_219L_S,93.0882780441704
395,count_num_group1_cb_a_2,92.37149242197138
396,count_num_group2_cb_a_2,92.37149242197138
451,lastapprcommoditycat_1041M_P52_56_90,91.53508837063539
583,twobodfilling_608L_FO,90.96359253893876
582,twobodfilling_608L_BO,90.86079601803678
325,sum_numberofoverdueinstlmax_1039L,90.59596674958829
28,homephncnt_628L,88.5414070020985
595,requesttype_4525192L_PENSION_6,85.96739938783941
1235,max_subjectroles_name_838M_a55475b1,85.96270947995916
244,count_num_group1_tax_registry_b,85.10728159563632
18,datefirstoffer_1144D,84.66058170282011
324,max_numberofoverdueinstlmax_1039L,84.60384293935573
930,max_contractst_964M_b2f1bf5c,83.5584415163462
322,min_numberofoverdueinstlmax_1039L,83.46012136938042
163,mean_downpmt_134A,83.26632732085383
810,max_empls_economicalst_849M_nan,82.67715790760838
809,max_empls_economicalst_849M_a55475b1,82.34359615655212
196,min_revolvingaccount_394A,81.22732147009393
738,max_familystate_447L_LIVING_WITH_PARTNER,80.65288328127819
104,responsedate_4527233D,79.6939072167445
958,max_contractst_964M_cb5e0ca2,76.34433573004343
178,sum_isbidproduct_390L,75.50060953628932
182,max_mainoccupationinc_437A,75.2141301667649
891,max_contractst_545M_dd67cff0,74.4283137974951
742,max_familystate_447L_nan,74.15443557646522
209,count_familystate_447L,73.81379750495957
272,min_dateofcredstart_739D,71.70343586411265
247,max_amount_4917619A,71.22130120819699
265,mean_dateofcredend_353D,70.87868514432257
285,min_dpdmax_139P,70.29510782354274
198,mean_revolvingaccount_394A,69.86127041128813
39,maininc_215A,69.51993724471885
37,lastrejectcredamount_222A,67.91888663974913
656,max_rejectreason_755M_P94_109_143,66.79550092245493
259,max_processingdate_168D,66.75933063160063
871,max_classificationofcontr_400M_f0a30139,65.14308736029112
409,disbursementtype_67L_SBA,63.86422659417748
359,min_totaldebtoverduevalue_178A,63.75461073891677
413,inittransactioncode_186L_POS,62.99745968794156
249,max_deductiondate_4917603D,62.93814692148944
692,max_credacc_cards_status_52L_INACTIVE,62.517726581011814
618,max_familystate_726L_MARRIED,61.99228346175299
251,min_deductiondate_4917603D,61.952875804748665
645,max_postype_4733339M_a55475b1,61.43811498072954
1067,max_financialinstitution_382M_dcb42d2c,60.88850282297706
257,mean_processingdate_168D,60.8133292997361
92,contractssum_5085716L,60.61273927413814
394,max_pmts_year_507T,59.89699712201117
268,mean_dateofcredstart_181D,59.48128716142841
502,lastcancelreason_561M_P24_27_36,58.69603264758821
3,applicationscnt_867L,58.501415103056495
246,mean_amount_4917619A,57.4814611476861
599,max_credacc_status_367L_CA,54.73169944950733
1224,max_subjectroles_name_541M_a55475b1,53.683682562209306
730,max_empl_industry_691L_REAL_ESTATE,52.794707925368485
793,max_safeguarantyflag_411L_True,52.78378193028409
640,max_postype_4733339M_P177_117_192,52.54517688833768
415,lastapprcommoditycat_1041M_P100_96_175,52.38082346525011
197,max_revolvingaccount_394A,52.297455354820315
177,mean_isbidproduct_390L,52.09792960215188
271,mean_dateofcredstart_739D,52.02086549992063
423,lastapprcommoditycat_1041M_P12_6_178,51.88550738757425
371,min_pmts_dpd_1073P,51.19728249116896
762,max_language1_981M_a55475b1,50.93217971574589
1211,max_purposeofcred_874M_d9ae1a0e,49.62289519675213
374,min_pmts_dpd_303P,49.55808715220204
138,sum_credacc_credlmt_575A,49.23567087420019
868,max_classificationofcontr_400M_ec922b98,48.60734411836911
34,lastapprcredamount_781A,48.426761923669496
715,max_empl_industry_691L_CATERING,47.18041227933148
605,max_credtype_587L_CAL,46.89773110570475
622,max_inittransactioncode_279L_CASH,46.849931242027814
245,min_amount_4917619A,46.76007870059685
513,lastcancelreason_561M_P5_143_178,46.67949944481363
115,mean_annuity_853A,46.442945881536275
709,max_empl_employedtotal_800L_MORE_FIVE,46.24642096294091
1127,max_financialinstitution_591M_c278975a,45.42782921614507
331,max_overdueamountmaxdatemonth_365T,45.02861864166154
162,max_downpmt_134A,44.608504321851406
407,disbursementtype_67L_DD,44.045330903676415
412,inittransactioncode_186L_NDF,43.85878648586616
1036,max_financialinstitution_382M_b619fa46,43.61964543742649
563,lastrejectreasonclient_4145040M_P5_143_178,43.14937434746702
781,max_relationshiptoclient_642T_OTHER_RELATIVE,42.8591690225176
770,max_relationshiptoclient_415T_OTHER_RELATIVE,42.8591690225176
754,max_incometype_1044T_OTHER,41.78816887209564
326,min_overdueamountmaxdatemonth_284T,41.67536559816717
313,sum_numberofcontrsvalue_358L,41.3796034470571
760,max_language1_981M_P10_39_147,40.67066455100714
231,count_num_group1_person2,40.255728683226366
232,count_num_group2_person2,40.255728683226366
617,max_familystate_726L_LIVING_WITH_PARTNER,40.09611007784451
737,max_familystate_447L_DIVORCED,39.63980178927689
123,sum_byoccupationinc_3656910L,39.093413104441524
733,max_empl_industry_691L_TRADE,39.07288429002653
704,max_education_927M_P33_146_175,38.28758792566838
935,max_contractst_964M_b6834721,38.24040578562968
250,mean_deductiondate_4917603D,38.12658572242326
0,WEEK_NUM,37.90901246694043
85,sellerplacescnt_216L,37.354001668332955
330,mean_overdueamountmaxdatemonth_365T,35.90439633995501
328,max_overdueamountmaxdatemonth_284T,35.339596851518735
524,lastcancelreason_561M_P85_114_140,35.01456649708122
119,mean_approvaldate_319D,34.584573206656444
403,credtype_322L_CAL,34.57650541786209
411,inittransactioncode_186L_CASH,34.57650541786209
408,disbursementtype_67L_GBA,34.56731270416812
312,max_numberofcontrsvalue_358L,33.684408232770366
725,max_empl_industry_691L_MANUFACTURING,33.41501029099459
1060,max_financialinstitution_382M_d6a7d943,32.349915782786624
417,lastapprcommoditycat_1041M_P109_133_183,32.128504191197536
1088,max_financialinstitution_382M_edd4a280,32.04455638374996
311,mean_numberofcontrsvalue_358L,31.685118151003635
580,lastst_736L_T,31.28522356803667
705,max_education_927M_P97_36_170,30.883148184111235
690,max_credacc_cards_status_52L_BLOCKED,30.341624004371717
991,max_contractst_964M_f7394eb0,30.24676026067828
161,min_downpmt_134A,29.855282820171613
139,min_credacc_maxhisbal_375A,29.77256614328983
179,mean_isdebitcard_527L,29.6215223087859
211,min_mainoccupationinc_384A,29.086344220305158
210,max_mainoccupationinc_384A,29.086344220305158
620,max_familystate_726L_WIDOWED,28.987843288827737
739,max_familystate_447L_MARRIED,28.944245488522427
401,bankacctype_710L_CA,28.824940233955758
402,bankacctype_710L_nan,28.8249402338458
387,mean_pmts_overdue_1152A,28.69519716812524
1194,min_purposeofcred_874M_60c73645,28.556743592552774
310,min_numberofcontrsvalue_358L,27.882445937216104
337,max_overdueamountmaxdateyear_994T,27.48568421875035
1212,max_purposeofcred_874M_e19fdece,27.324318821100984
616,max_familystate_726L_DIVORCED,27.311117206228
181,min_mainoccupationinc_437A,26.988877352697966
689,max_credacc_cards_status_52L_ACTIVE,26.60371618432396
1122,max_financialinstitution_591M_bbb5839e,26.345954653478163
350,min_residualamount_856A,25.549479346726013
122,mean_byoccupationinc_3656910L,25.276046790411193
23,downpmt_116A,24.924317986301613
31,isbidproduct_1095L,24.519878012086014
663,max_rejectreasonclient_4145042M_P5_143_178,24.108460612605533
11,clientscnt12m_3712952L,24.005026545170896
1050,max_financialinstitution_382M_cc2c2610,23.964083568884536
544,lastrejectreason_759M_P48_22_32,23.95879526466098
141,mean_credacc_maxhisbal_375A,23.952456961029206
305,max_nominalrate_281L,23.764315659384284
160,mean_dateactivated_425D,23.378877057780773
164,sum_downpmt_134A,23.274937560787034
521,lastcancelreason_561M_P73_130_169,23.259588735089856
1148,max_financialinstitution_591M_e9bfdb5c,23.227426379027325
491,lastcancelreason_561M_P198_89_166,23.108157627730947
712,max_empl_industry_691L_AGRICULTURE,22.518644580220826
1188,min_purposeofcred_874M_27b6de28,22.223805205449867
360,mean_totaldebtoverduevalue_178A,22.149179530673504
315,mean_numberofinstls_320L,22.041816388048552
506,lastcancelreason_561M_P32_86_86,22.016012274413587
548,lastrejectreason_759M_P64_121_167,21.979346269823335
679,max_status_219L_T,21.93803440907002
316,max_numberofinstls_320L,21.741639385439463
635,max_isdebitcard_527L_True,21.652390507000568
634,max_isdebitcard_527L_False,20.443901414223863
966,max_contractst_964M_d7416962,20.148524321830713
303,mean_nominalrate_281L,18.541454322077403
24,dtlastpmtallstes_4499206D,18.494056429869275
629,max_isbidproduct_390L_True,18.153789328161793
298,max_lastupdate_388D,17.90526876962225
1051,max_financialinstitution_382M_cc8de998,17.88285428549518
105,responsedate_4917613D,17.853924985445897
632,min_isdebitcard_527L_True,17.695242649761994
146,sum_credacc_minhisbal_90A,17.537189637884335
792,max_safeguarantyflag_411L_False,17.45133966294088
121,max_byoccupationinc_3656910L,17.394546141161918
147,min_credacc_transactions_402L,17.006205049956606
289,min_instlamount_768A,16.99222109011317
717,max_empl_industry_691L_EDUCATION,16.943356156987587
29,inittransactionamount_650A,16.8619766272086
361,max_totaldebtoverduevalue_178A,16.048631156613045
631,min_isdebitcard_527L_False,15.82857468859148
452,lastapprcommoditycat_1041M_P53_45_92,15.72479566673794
12,clientscnt6m_3712949L,15.703425340114748
149,mean_credacc_transactions_402L,15.501099292944943
1161,max_financialinstitution_591M_fd828f59,15.418639944871384
919,max_contractst_964M_a4027f4c,15.355355567654643
140,max_credacc_maxhisbal_375A,15.318993209944505
314,min_numberofinstls_320L,15.281097721969417
357,mean_totalamount_996A,15.277402156807064
90,validfrom_1069D,14.86147065968747
260,count_num_group1_cb_a_1,14.791918688873277
669,max_status_219L_A,14.790647534220673
351,mean_residualamount_856A,14.786852208613926
282,mean_debtoverdue_47A,14.679473034402637
283,max_debtoverdue_47A,14.679473034402637
281,min_debtoverdue_47A,14.679473034402637
284,sum_debtoverdue_47A,14.679473034402637
769,max_relationshiptoclient_415T_OTHER,14.37970610980727
780,max_relationshiptoclient_642T_OTHER,14.37970610980727
721,max_empl_industry_691L_HEALTH,14.163861979546649
649,max_rejectreason_755M_P198_131_9,14.124729360148
276,max_dateofrealrepmt_138D,13.873165786298301
493,lastcancelreason_561M_P19_105_83,13.676108589449578
354,mean_totalamount_6A,12.849222297987637
483,lastcancelreason_561M_P180_60_137,12.769865452959149
386,min_pmts_overdue_1152A,12.72592872510866
956,max_contractst_964M_ca72db6c,12.569543825227296
53,maxinstallast24m_3658928A,12.37098582802142
273,max_dateofcredstart_739D,12.327063373734124
356,min_totalamount_996A,12.202820331213402
151,min_credamount_590A,12.189600577378433
654,max_rejectreason_755M_P5_143_178,12.169223201466275
136,max_credacc_credlmt_575A,12.167299873561129
1074,max_financialinstitution_382M_e2a39b1a,12.074293802515411
602,max_credacc_status_367L_PCL,11.760931465631053
416,lastapprcommoditycat_1041M_P105_126_172,11.71196255290295
290,mean_instlamount_768A,11.653893839455115
687,max_conts_type_509L_WHATSAPP,11.398862126980696
729,max_empl_industry_691L_POST_TELCO,11.371867000025592
166,max_dtlastpmt_581D,11.315974964612955
578,lastst_736L_R,11.142751715133238
1134,max_financialinstitution_591M_d5809fcf,10.97051464353267
1175,min_purposeofcred_426M_96a8fdfe,10.961701569928184
264,max_dateofcredend_289D,10.955537264478384
317,sum_numberofinstls_320L,10.843535039779905
404,credtype_322L_COL,10.426207438192101
1070,max_financialinstitution_382M_dcf5a604,10.42443922191182
1178,min_purposeofcred_426M_a55475b1,10.41608002033821
329,min_overdueamountmaxdatemonth_365T,10.272161436931668
125,max_childnum_21L,10.068267295382459
768,max_relationshiptoclient_415T_NEIGHBOR,9.982628202503896
779,max_relationshiptoclient_642T_NEIGHBOR,9.982628202503896
681,max_conts_type_509L_EMPLOYMENT_PHONE,9.957921593141492
546,lastrejectreason_759M_P53_10_15,9.914944846319884
937,max_contractst_964M_b83056f9,9.837665750680973
1066,max_financialinstitution_382M_dbddb6bb,9.791292588613349
1138,max_financialinstitution_591M_d80abc0d,9.731320509995536
385,max_pmts_overdue_1140A,9.610696585780767
405,credtype_322L_REL,9.551254807107444
384,mean_pmts_overdue_1140A,9.512246750178816
148,max_credacc_transactions_402L,9.505346094402103
120,min_byoccupationinc_3656910L,9.465414754802191
1226,max_subjectroles_name_541M_be4fd70b,9.2568416774323
556,lastrejectreasonclient_4145040M_P19_25_34,9.145966436865727
947,max_contractst_964M_c288ac5d,9.081720080385104
358,max_totalamount_996A,8.961005875215704
771,max_relationshiptoclient_415T_PARENT,8.764047135969614
782,max_relationshiptoclient_642T_PARENT,8.764047135969614
1129,max_financialinstitution_591M_cb830fec,8.732126884637708
601,max_credacc_status_367L_CR,8.68817904161082
531,lastcancelreason_561M_P98_38_170,8.621215908433445
204,count_num_group2,8.581680362271145
292,sum_instlamount_768A,8.546725498901575
437,lastapprcommoditycat_1041M_P184_3_97,8.528605417419975
127,sum_childnum_21L,8.518872965458272
112,sum_actualdpd_943P,8.480833199760067
1210,max_purposeofcred_874M_d11871e7,8.471513896730393
1130,max_financialinstitution_591M_cc2c2610,8.448292445068388
1000,max_contractst_964M_fec76166,8.29836853296568
734,max_empl_industry_691L_TRANSPORTATION,8.163758375907591
537,lastrejectreason_759M_P129_162_80,8.106586132018567
590,education_1103M_717ddd49,7.983737466104929
309,sum_numberofcontrsvalue_258L,7.935817694651127
1203,max_purposeofcred_874M_60c73645,7.85715634814339
963,max_contractst_964M_d3a8590c,7.791730544706062
892,max_contractst_545M_e2e7d341,7.493898124857229
459,lastapprcommoditycat_1041M_a55475b1,7.450163859597385
540,lastrejectreason_759M_P198_131_9,7.447113991296334
982,max_contractst_964M_ec535951,7.438298301643171
661,max_rejectreasonclient_4145042M_P30_86_84,7.389266241835157
1075,max_financialinstitution_382M_e3b74e00,7.347791021168829
1142,max_financialinstitution_591M_dc4439a9,7.311854716721402
677,max_status_219L_R,7.3010920020447285
1237,max_subjectroles_name_838M_be4fd70b,7.300890038818082
964,max_contractst_964M_d692b98e,7.283481145158122
719,max_empl_industry_691L_GAMING,7.2277607006076545
812,max_classificationofcontr_13M_a55475b1,7.215676986557282
671,max_status_219L_H,7.20326197405989
921,max_contractst_964M_a72cf06d,7.159369052745119
889,max_contractst_545M_b919198c,7.071477150083199
623,max_inittransactioncode_279L_NDF,7.052079244575867
1059,max_financialinstitution_382M_d5809fcf,7.027577831237662
718,max_empl_industry_691L_FINANCE,6.910259443271748
435,lastapprcommoditycat_1041M_P177_46_174,6.884497127550598
110,max_actualdpd_943P,6.864484942900038
463,lastcancelreason_561M_P118_140_56,6.864332608335193
388,max_pmts_overdue_1152A,6.851823752061701
1104,max_financialinstitution_382M_fd828f59,6.844870764195402
1214,max_purposeofcred_874M_ee7d1eb8,6.838547181609026
1157,max_financialinstitution_591M_f4518152,6.829247706391517
510,lastcancelreason_561M_P55_81_55,6.828567689617321
596,requesttype_4525192L_SOCIAL_6,6.613891548987439
1132,max_financialinstitution_591M_d1c4d78f,6.6057288967043
665,max_rejectreasonclient_4145042M_P84_14_61,6.577361356747837
727,max_empl_industry_691L_MINING,6.549380677050841
908,max_contractst_964M_89721976,6.54086143694314
494,lastcancelreason_561M_P19_25_34,6.425031480368813
1055,max_financialinstitution_382M_d1c4d78f,6.369873747140974
142,sum_credacc_maxhisbal_375A,6.366959492198465
572,lastst_736L_H,6.281575055784526
1186,min_purposeofcred_874M_164ee705,6.179022534353171
473,lastcancelreason_561M_P141_135_146,6.12490659123201
291,max_instlamount_768A,6.0440913697766945
643,max_postype_4733339M_P60_146_156,5.933980741877243
346,max_refreshdate_3813885D,5.9305343207940115
507,lastcancelreason_561M_P46_50_166,5.881764297936762
613,max_education_1138M_P97_36_170,5.8381750057807915
1044,max_financialinstitution_382M_c278975a,5.837580968806801
607,max_credtype_587L_REL,5.760017906778611
636,max_isdebitcard_527L_nan,5.757562443304266
633,min_isdebitcard_527L_nan,5.757562443304266
355,max_totalamount_6A,5.752597842516295
443,lastapprcommoditycat_1041M_P216_109_183,5.584138801758704
641,max_postype_4733339M_P217_110_186,5.571238859854086
547,lastrejectreason_759M_P5_143_178,5.56109228463351
731,max_empl_industry_691L_RECRUITMENT,5.553194213507951
267,max_dateofcredend_353D,5.544969862265615
508,lastcancelreason_561M_P52_67_90,5.384713220658342
262,mean_dateofcredend_289D,5.378157383470902
234,max_openingdate_857D,5.349936737956793
999,max_contractst_964M_fd624e63,5.320225388016176
598,max_credacc_status_367L_AC,5.3134384299810025
124,min_childnum_21L,5.284958196917943
320,max_numberofoutstandinstls_59L,5.2526179948620895
682,max_conts_type_509L_HOME_PHONE,5.207659946848766
1238,max_subjectroles_name_838M_daf49a8a,4.960067677519025
990,max_contractst_964M_f7149e7d,4.942671165954021
741,max_familystate_447L_WIDOWED,4.940310672913587
478,lastcancelreason_561M_P163_9_145,4.865203106401829
1040,max_financialinstitution_382M_bbb5839e,4.848141454888014
183,mean_mainoccupationinc_437A,4.827086167408361
428,lastapprcommoditycat_1041M_P148_110_5,4.802714333695156
609,max_education_1138M_P106_81_188,4.801543612528777
111,mean_actualdpd_943P,4.772174451783435
561,lastrejectreasonclient_4145040M_P53_10_15,4.7502872534876515
1080,max_financialinstitution_382M_e9bfdb5c,4.7440686880168625
365,min_totaloutstanddebtvalue_39A,4.696242728253679
713,max_empl_industry_691L_ARMY_POLICE,4.681947051975878
952,max_contractst_964M_c98a5e22,4.673634590881321
686,max_conts_type_509L_SECONDARY_MOBILE,4.608266189422543
639,max_postype_4733339M_P169_115_83,4.602428133145341
1042,max_financialinstitution_382M_c1525162,4.575226580425476
410,disbursementtype_67L_nan,4.548386202071886
638,max_postype_4733339M_P149_40_170,4.5012240061276785
938,max_contractst_964M_b919198c,4.474072888931123
352,max_residualamount_856A,4.45510773817126
716,max_empl_industry_691L_CHARITY_RELIGIOUS,4.350456752826946
946,max_contractst_964M_c068287a,4.336390664655212
1144,max_financialinstitution_591M_dcf5a604,4.271568163490176
702,max_education_927M_P157_18_172,4.270266534470542
876,max_classificationofcontr_400M_f920c170,4.209622529360879
1099,max_financialinstitution_382M_f4518152,4.194192762312717
747,max_housetype_905L_PARENTAL,4.167142906401273
474,lastcancelreason_561M_P145_10_63,4.159683062120565
778,max_relationshiptoclient_642T_GRAND_PARENT,4.087346904432671
767,max_relationshiptoclient_415T_GRAND_PARENT,4.087346904432671
652,max_rejectreason_755M_P48_22_32,3.9508796990872512
383,min_pmts_overdue_1140A,3.9489013364487975
611,max_education_1138M_P17_36_170,3.940567659752815
270,max_dateofcredstart_181D,3.8516839828501097
584,twobodfilling_608L_nan,3.8454185002857177
723,max_empl_industry_691L_IT,3.8329092546712484
735,max_empl_industry_691L_WELNESS,3.7975538153584725
509,lastcancelreason_561M_P53_10_15,3.7883068533575193
911,max_contractst_964M_8f3a197f,3.7776155866681513
422,lastapprcommoditycat_1041M_P128_43_169,3.753244328572193
479,lastcancelreason_561M_P169_159_178,3.6912990026034453
511,lastcancelreason_561M_P57_100_127,3.685158324350078
114,max_annuity_853A,3.659656021083486
693,max_credacc_cards_status_52L_RENEWED,3.6331327385698664
469,lastcancelreason_561M_P123_22_171,3.614491073778033
496,lastcancelreason_561M_P203_135_156,3.6140995148710635
467,lastcancelreason_561M_P120_0_10,3.596512146474823
319,mean_numberofoutstandinstls_59L,3.563071164622486
180,sum_isdebitcard_527L,3.538702491285571
1135,max_financialinstitution_591M_d6a7d943,3.520113541026556
536,lastrejectreason_759M_P121_60_164,3.452598242112937
539,lastrejectreason_759M_P196_88_176,3.428185292902244
798,max_type_25L_HOME_PHONE,3.4086812498855092
499,lastcancelreason_561M_P205_40_167,3.390197532103903
366,mean_totaloutstanddebtvalue_39A,3.34327300910358
722,max_empl_industry_691L_INSURANCE,3.323428062254423
701,max_education_927M_P106_81_188,3.310815966236232
914,max_contractst_964M_9c5b185b,3.303567842005585
672,max_status_219L_K,3.2581771091576215
542,lastrejectreason_759M_P30_86_84,3.2068740341794744
968,max_contractst_964M_dc23998c,3.2061739069402577
490,lastcancelreason_561M_P198_14_171,3.203370841249633
425,lastapprcommoditycat_1041M_P137_6_96,3.1947264685871293
530,lastcancelreason_561M_P95_76_117,3.1218557961387816
280,sum_debtoutstand_525A,3.077300485162182
279,max_debtoutstand_525A,3.0694125725882015
278,mean_debtoutstand_525A,3.0694125725882015
277,min_debtoutstand_525A,3.0694125725882015
1010,max_financialinstitution_382M_P150_136_157,3.0531390274457957
852,max_classificationofcontr_400M_d7416962,3.0288340874774753
486,lastcancelreason_561M_P187_10_172,3.000027538908886
724,max_empl_industry_691L_LAWYER,2.9902275124740654
592,education_1103M_c8e1a1d0,2.9227364487068135
1200,min_purposeofcred_874M_a55475b1,2.9067392591632797
745,max_housetype_905L_FLAT,2.878141809652634
858,max_classificationofcontr_400M_e2453741,2.873583646322751
837,max_classificationofcontr_400M_be7b251d,2.8565054943905697
126,mean_childnum_21L,2.787853773891316
295,max_lastupdate_1112D,2.7746705764504407
1227,max_subjectroles_name_541M_daf49a8a,2.7666995817256343
489,lastcancelreason_561M_P195_62_170,2.719491020554642
304,min_nominalrate_281L,2.6859315717070498
109,min_actualdpd_943P,2.678868152226424
1191,min_purposeofcred_874M_44164129,2.6479353568066797
446,lastapprcommoditycat_1041M_P33_29_177,2.6035617770274944
1133,max_financialinstitution_591M_d35b8336,2.6026574931823756
989,max_contractst_964M_f42e087b,2.6002828157749636
863,max_classificationofcontr_400M_e6e56e83,2.5981911232454213
1025,max_financialinstitution_382M_a8468729,2.5524942689353445
450,lastapprcommoditycat_1041M_P49_162_170,2.5520431411141193
703,max_education_927M_P17_36_170,2.5499555713267155
934,max_contractst_964M_b5aee7a5,2.547134146646874
957,max_contractst_964M_cae5106c,2.490002675793688
353,min_totalamount_6A,2.469492652396875
720,max_empl_industry_691L_GOVERNMENT,2.4307051847440073
433,lastapprcommoditycat_1041M_P160_128_10,2.425426192443721
495,lastcancelreason_561M_P201_100_144,2.415406290662431
648,max_rejectreason_755M_P196_88_176,2.4038078377736634
308,max_numberofcontrsvalue_258L,2.377670648579835
367,max_totaloutstanddebtvalue_39A,2.3434644885050973
684,max_conts_type_509L_PRIMARY_EMAIL,2.326043541670619
307,mean_numberofcontrsvalue_258L,2.3055666390491005
901,max_contractst_964M_8260bab9,2.255848558042321
321,sum_numberofoutstandinstls_59L,2.239972887324729
318,min_numberofoutstandinstls_59L,2.2273578830972967
962,max_contractst_964M_d25ebcc6,2.223773764639967
306,min_numberofcontrsvalue_258L,2.1607635359512827
894,max_contractst_545M_fd624e63,2.121374183368241
752,max_incometype_1044T_HANDICAPPED_2,2.1080423454366857
1012,max_financialinstitution_382M_P40_52_135,2.0978464521053435
789,max_role_1084L_EM,2.080345714409158
293,mean_lastupdate_1112D,2.0725144592925853
235,mean_openingdate_857D,2.070871068595077
565,lastrejectreasonclient_4145040M_P69_72_116,2.032556168850407
1213,max_purposeofcred_874M_e8f3b178,2.023325459203914
480,lastcancelreason_561M_P16_126_23,2.0191389204035692
1232,min_subjectroles_name_838M_P28_48_88,2.0091814149084875
637,max_postype_4733339M_P140_48_169,1.9832330803307812
501,lastcancelreason_561M_P23_22_19,1.9536641619125832
1115,max_financialinstitution_591M_a97f66ac,1.9046648724261988
867,max_classificationofcontr_400M_ec433ade,1.9031494457662987
485,lastcancelreason_561M_P185_66_167,1.896001465711307
1126,max_financialinstitution_591M_c1525162,1.87010620656425
169,max_dtlastpmtallstes_3545839D,1.8264046042993802
1032,max_financialinstitution_382M_b0c676ae,1.8219117546634638
1217,min_subjectroles_name_541M_15f04f45,1.8036698850627828
523,lastcancelreason_561M_P84_14_61,1.80318359098852
1183,max_purposeofcred_426M_e19fdece,1.7682906457960725
1169,min_purposeofcred_426M_44164129,1.7677210756393649
732,max_empl_industry_691L_TOURISM,1.764379342790473
430,lastapprcommoditycat_1041M_P156_122_160,1.7551766559471131
1198,min_purposeofcred_874M_96a8fdfe,1.7436756638948747
869,max_classificationofcontr_400M_edc37208,1.7135932527941395
748,max_housetype_905L_STATE_FLAT,1.712200528934785
1100,max_financialinstitution_382M_f4b22787,1.699459229257764
442,lastapprcommoditycat_1041M_P201_79_148,1.695720883326089
150,sum_credacc_transactions_402L,1.6922085213382323
391,max_pmts_year_1139T,1.6834059322164001
466,lastcancelreason_561M_P11_56_131,1.670204326958722
327,mean_overdueamountmaxdatemonth_284T,1.6694609593224878
464,lastcancelreason_561M_P118_30_169,1.6689598221985997
454,lastapprcommoditycat_1041M_P65_94_74,1.666983471522403
343,max_periodicityofpmts_837L,1.6047560010216784
424,lastapprcommoditycat_1041M_P137_157_60,1.5764642682297048
484,lastcancelreason_561M_P183_71_60,1.5723257876461416
420,lastapprcommoditycat_1041M_P121_6_80,1.5712093855539435
418,lastapprcommoditycat_1041M_P110_120_162,1.5667707014249967
1166,min_purposeofcred_426M_2162d1a4,1.5480988597744432
462,lastcancelreason_561M_P116_157_162,1.5299465533952226
694,max_credacc_cards_status_52L_UNCONFIRMED,1.5287032402896046
924,max_contractst_964M_ac175213,1.5272539344370974
1086,max_financialinstitution_382M_ed1b653a,1.5086912316635248
1156,max_financialinstitution_591M_f27ed340,1.5062161298947796
468,lastcancelreason_561M_P122_66_161,1.49480234026022
587,description_5085714M_nan,1.4934438302888573
593,education_1103M_nan,1.4934438302888573
1058,max_financialinstitution_382M_d35b8336,1.4894294047446321
1027,max_financialinstitution_382M_a97f66ac,1.4798838866785289
500,lastcancelreason_561M_P20_125_107,1.4649419838174256
1158,max_financialinstitution_591M_f4b22787,1.463498917355841
541,lastrejectreason_759M_P19_25_34,1.4620814887404543
519,lastcancelreason_561M_P69_72_116,1.4551202393176808
744,max_housetype_905L_COOP_FLAT,1.4528637581193158
931,max_contractst_964M_b3d257d6,1.443688079538124
444,lastapprcommoditycat_1041M_P21_123_87,1.430636272717094
753,max_incometype_1044T_HANDICAPPED_3,1.4244739720055584
550,lastrejectreason_759M_P84_14_61,1.423020719455594
505,lastcancelreason_561M_P32_163_96,1.4222972308260353
918,max_contractst_964M_a3386307,1.388536333113042
566,lastrejectreasonclient_4145040M_P84_14_61,1.3682209096943527
461,lastcancelreason_561M_P107_145_100,1.3642233325786648
481,lastcancelreason_561M_P175_4_106,1.3443340907452626
438,lastapprcommoditycat_1041M_P187_118_47,1.341692125215933
1096,max_financialinstitution_382M_f27ed340,1.330266735485691
431,lastapprcommoditycat_1041M_P156_50_173,1.3286750968498577
1007,max_financialinstitution_382M_Home Credit,1.3102506242899714
1187,min_purposeofcred_874M_2162d1a4,1.2784020204024538
342,mean_periodicityofpmts_837L,1.2604236163463953
1193,min_purposeofcred_874M_5d1b0cdd,1.251202136172557
828,max_classificationofcontr_400M_a55475b1,1.2365949424942015
532,lastcancelreason_561M_P99_98_113,1.22120430471031
940,max_contractst_964M_ba680094,1.2186686769260542
1081,max_financialinstitution_382M_eb725dc9,1.193346367692832
299,min_monthlyinstlamount_332A,1.1465725782057687
1172,min_purposeofcred_426M_6ec903ee,1.1416087097978913
1009,max_financialinstitution_382M_P133_127_114,1.1390124968810902
1165,min_purposeofcred_426M_164ee705,1.1375981308176881
1095,max_financialinstitution_382M_f0a813a9,1.1332934836808628
545,lastrejectreason_759M_P52_67_90,1.1211853986131277
445,lastapprcommoditycat_1041M_P21_79_33,1.0989680737726397
758,max_incometype_1044T_SELFEMPLOYED,1.09656118139796
880,max_classificationofcontr_400M_fb98f5e4,1.0559812332462517
1026,max_financialinstitution_382M_a91f3bf3,1.0517742513726882
440,lastapprcommoditycat_1041M_P193_109_73,1.0506729146634852
560,lastrejectreasonclient_4145040M_P52_67_90,1.0435075040437525
1069,max_financialinstitution_382M_dcd48f0a,1.017123243656742
874,max_classificationofcontr_400M_f423c437,1.0020308824218334
830,max_classificationofcontr_400M_abc5878e,0.9861096448700508
1106,max_financialinstitution_382M_ff9dc6d9,0.9783493492327946
455,lastapprcommoditycat_1041M_P75_42_174,0.9758439465843631
427,lastapprcommoditycat_1041M_P143_21_170,0.9475944654146018
456,lastapprcommoditycat_1041M_P76_145_175,0.9286466720113371
470,lastcancelreason_561M_P128_12_74,0.9215440737210887
660,max_rejectreasonclient_4145042M_P19_25_34,0.894742609074616
1028,max_financialinstitution_382M_a9d35603,0.8900445594273082
449,lastapprcommoditycat_1041M_P48_73_87,0.8865655192647436
549,lastrejectreason_759M_P69_72_116,0.8832310788361339
699,max_contaddr_smempladdr_334L_True,0.8741953751112006
263,min_dateofcredend_289D,0.8614903862251712
1083,max_financialinstitution_382M_ec7f1260,0.856994388816274
1019,max_financialinstitution_382M_a4f0ab55,0.8306679196356341
647,max_rejectreason_755M_P121_60_164,0.8275175945801465
801,max_type_25L_SECONDARY_MOBILE,0.8274084832339514
1013,max_financialinstitution_382M_P51_123_23,0.8231857235405038
1041,max_financialinstitution_382M_bf7a9f55,0.8177907392679891
1056,max_financialinstitution_382M_d31f6c4d,0.8146025763878766
341,min_periodicityofpmts_837L,0.8052675285255936
458,lastapprcommoditycat_1041M_P98_19_172,0.780018667195207
881,max_classificationofcontr_400M_fd17005c,0.7478944616071668
954,max_contractst_964M_c9b445db,0.746101429494348
743,max_housetype_905L_COMPANY_FLAT,0.7440385231185849
465,lastcancelreason_561M_P11_156_146,0.739446659681647
923,max_contractst_964M_aa0592d0,0.7363149887531892
1176,min_purposeofcred_426M_9e302002,0.7173891362090228
714,max_empl_industry_691L_ART_MEDIA,0.7096427742682534
981,max_contractst_964M_ec24545f,0.6977762400347736
434,lastapprcommoditycat_1041M_P175_82_175,0.682957938883656
426,lastapprcommoditycat_1041M_P141_125_135,0.6650119152927968
1167,min_purposeofcred_426M_28bfa260,0.664812398329828
610,max_education_1138M_P157_18_172,0.6440565870218955
662,max_rejectreasonclient_4145042M_P53_10_15,0.6435625840479176
675,max_status_219L_P,0.6314727321139137
877,max_classificationofcontr_400M_fa2a66b3,0.6272499028995426
526,lastcancelreason_561M_P8_141_180,0.6133149644839783
799,max_type_25L_PHONE,0.5892154962880068
996,max_contractst_964M_fc4d11b5,0.5802223862347891
1073,max_financialinstitution_382M_e247e3d7,0.5699849171179906
1168,min_purposeofcred_426M_4039fc25,0.5352099575477062
1077,max_financialinstitution_382M_e7b2248f,0.5347839090170404
977,max_contractst_964M_e598ef69,0.5340303170111823
907,max_contractst_964M_88c858bd,0.5200661718654797
855,max_classificationofcontr_400M_dd6cd7aa,0.5174204225547079
1189,min_purposeofcred_874M_28bfa260,0.47171800479186204
1049,max_financialinstitution_382M_cb830fec,0.471160613223787
1173,min_purposeofcred_426M_7a7d6960,0.4556237277036187
475,lastcancelreason_561M_P145_77_120,0.45545851480155497
533,lastcancelreason_561M_P9_82_76,0.45483540407260253
1184,max_purposeofcred_426M_e8f3b178,0.4387467152530782
960,max_contractst_964M_ce70bd69,0.4381818217611806
1155,max_financialinstitution_591M_f0a813a9,0.4380408155540616
294,min_lastupdate_1112D,0.4319026737839391
879,max_classificationofcontr_400M_fb8921dc,0.4214731382985463
436,lastapprcommoditycat_1041M_P181_140_94,0.4206166495506176
1197,min_purposeofcred_874M_89ccf2a3,0.40610166284492866
1107,max_financialinstitution_382M_ffafd794,0.4057004100188325
807,max_empls_economicalst_849M_P22_131_138,0.40534209940824534
832,max_classificationofcontr_400M_ada1729d,0.39140834277730135
1230,min_subjectroles_name_838M_15f04f45,0.38322920844149544
476,lastcancelreason_561M_P150_0_30,0.3739145521517211
1163,max_financialinstitution_591M_ff9dc6d9,0.3728333506304222
529,lastcancelreason_561M_P94_154_184,0.3585712063967945
973,max_contractst_964M_e16cd716,0.3570624676984632
233,min_openingdate_857D,0.3538065043882811
1011,max_financialinstitution_382M_P40_25_35,0.34090108339663794
1116,max_financialinstitution_591M_ab7b0f68,0.3399223043322026
1030,max_financialinstitution_382M_acc27a10,0.30914229249597946
854,max_classificationofcontr_400M_dbf17744,0.30888209267105715
1195,min_purposeofcred_874M_7a7d6960,0.307478910552875
301,max_monthlyinstlamount_332A,0.2998055022347446
1182,max_purposeofcred_426M_b1285059,0.29223016140015046
726,max_empl_industry_691L_MARKETING,0.2911153442383132
1128,max_financialinstitution_591M_cb4bf9b5,0.2765963305950286
843,max_classificationofcontr_400M_ca07e0d6,0.27650098778376914
300,mean_monthlyinstlamount_332A,0.2725435832153415
986,max_contractst_964M_f1e73b19,0.26017515636186483
1216,min_subjectroles_name_541M_0c42a10e,0.25938790181054516
1033,max_financialinstitution_382M_b2145224,0.2590945130057629
1147,max_financialinstitution_591M_e7b2248f,0.25854108914539486
1029,max_financialinstitution_382M_ab7b0f68,0.24274240513298218
870,max_classificationofcontr_400M_f0517bc9,0.24159682829206192
683,max_conts_type_509L_PHONE,0.23873919648117936
448,lastapprcommoditycat_1041M_P3_103_80,0.22762645987212593
576,lastst_736L_P,0.22733307452498203
808,max_empls_economicalst_849M_P28_32_178,0.22677375260645471
942,max_contractst_964M_be9e15dc,0.2105856252632807
1063,max_financialinstitution_382M_db36d360,0.21029584276575944
302,sum_monthlyinstlamount_332A,0.19835645137289476
965,max_contractst_964M_d7162397,0.19560499054073016
447,lastapprcommoditycat_1041M_P38_69_128,0.1953112516955772
802,max_type_25L_WHATSAPP,0.19517963565818844
1170,min_purposeofcred_426M_5d1b0cdd,0.19511409371562732
1023,max_financialinstitution_382M_a7156135,0.19508067498807388
883,max_classificationofcontr_400M_fdfb29c9,0.1943293976548826
261,max_credlmt_935A,0.19390336673062492
1057,max_financialinstitution_382M_d3279774,0.18230695705853497
1108,max_financialinstitution_382M_ffc154eb,0.17850134378041088
1218,min_subjectroles_name_541M_1d94eac1,0.17843210007654978
655,max_rejectreason_755M_P84_14_61,0.1777468908073735
1209,max_purposeofcred_874M_b1285059,0.17768126072247092
1031,max_financialinstitution_382M_af6f3698,0.17751649313700574
362,min_totaldebtoverduevalue_718A,0.16574421316821608
363,mean_totaldebtoverduevalue_718A,0.16542310363619367
364,max_totaldebtoverduevalue_718A,0.16509723326512582
1091,max_financialinstitution_382M_eeea8313,0.16315798673672197
1097,max_financialinstitution_382M_f43b5c1d,0.16273043108640434
839,max_classificationofcontr_400M_bfd4245f,0.16273043108640434
913,max_contractst_964M_99b37d4f,0.16269683460901438
1146,max_financialinstitution_591M_e3b74e00,0.1622416790163127
1219,min_subjectroles_name_541M_71ddaa88,0.162076999938219
853,max_classificationofcontr_400M_db56c4a9,0.16184660098199505
1140,max_financialinstitution_591M_dbb3c814,0.16184660098199505
339,mean_periodicityofpmts_1102L,0.15062697924091512
885,max_classificationofcontr_400M_ff624637,0.1462102969189497
503,lastcancelreason_561M_P28_71_137,0.1462102969189497
974,max_contractst_964M_e2e7d341,0.1462102969189497
1102,max_financialinstitution_382M_fa0f756a,0.14614748826218443
806,max_empls_economicalst_849M_P164_110_33,0.145755141326248
1143,max_financialinstitution_591M_dcd48f0a,0.14565926194352807
1103,max_financialinstitution_382M_fd524fdd,0.14565609233305687
1090,max_financialinstitution_382M_ee9c55a2,0.14519829014024477
817,max_classificationofcontr_400M_01f63ac8,0.13038180124194967
941,max_contractst_964M_be389466,0.13031590489983913
1199,min_purposeofcred_874M_P188_162_121,0.1299236486601265
653,max_rejectreason_755M_P53_10_15,0.1298578411932952
1035,max_financialinstitution_382M_b311e4b2,0.12969316211520143
1062,max_financialinstitution_382M_d7907c49,0.12969060437326646
338,min_periodicityofpmts_1102L,0.11743665385124402
816,max_classificationofcontr_400M_00135d9c,0.11399431089131964
939,max_contractst_964M_ba1f9cb6,0.11373031821658328
829,max_classificationofcontr_400M_a6f21017,0.11360187763614599
953,max_contractst_964M_c9a96633,0.11320961920829915
1139,max_financialinstitution_591M_db36d360,0.11304485254221498
340,max_periodicityofpmts_1102L,0.10601573848828874
910,max_contractst_964M_8af2607b,0.09731240758271778
492,lastcancelreason_561M_P199_114_13,0.09731240758271778
878,max_classificationofcontr_400M_fac27da4,0.09685451906996838
944,max_contractst_964M_c0187f17,0.08128384509182558
370,max_totaloutstanddebtvalue_668A,0.08120701106175655
1094,max_financialinstitution_382M_f0606fbf,0.08089158885211298
369,mean_totaloutstanddebtvalue_668A,0.08016040167272348
368,min_totaloutstanddebtvalue_668A,0.07332986140044846
482,lastcancelreason_561M_P17_160_152,0.06492874495349481
1092,max_financialinstitution_382M_ef973dcd,0.06492874495349481
212,count_mainoccupationinc_384A,
215,min_personindex_1023L,
220,min_persontype_1072L,
225,min_persontype_792L,
347,min_residualamount_488A,
348,mean_residualamount_488A,
349,max_residualamount_488A,
406,credtype_322L_nan,
414,inittransactioncode_186L_nan,
419,lastapprcommoditycat_1041M_P117_143_46,
421,lastapprcommoditycat_1041M_P126_161_96,
429,lastapprcommoditycat_1041M_P155_91_176,
439,lastapprcommoditycat_1041M_P187_21_169,
441,lastapprcommoditycat_1041M_P201_108_190,
453,lastapprcommoditycat_1041M_P58_25_91,
457,lastapprcommoditycat_1041M_P93_39_173,
460,lastapprcommoditycat_1041M_nan,
471,lastcancelreason_561M_P129_101_181,
477,lastcancelreason_561M_P151_143_25,
487,lastcancelreason_561M_P188_66_164,
488,lastcancelreason_561M_P191_55_173,
497,lastcancelreason_561M_P203_151_99,
498,lastcancelreason_561M_P204_22_168,
512,lastcancelreason_561M_P59_114_135,
514,lastcancelreason_561M_P60_137_164,
515,lastcancelreason_561M_P60_96_75,
517,lastcancelreason_561M_P65_58_157,
518,lastcancelreason_561M_P68_132_180,
520,lastcancelreason_561M_P72_115_176,
522,lastcancelreason_561M_P7_85_64,
525,lastcancelreason_561M_P89_110_159,
527,lastcancelreason_561M_P91_110_150,
535,lastcancelreason_561M_nan,
538,lastrejectreason_759M_P185_59_178,
554,lastrejectreason_759M_nan,
557,lastrejectreasonclient_4145040M_P203_151_99,
558,lastrejectreasonclient_4145040M_P204_22_168,
562,lastrejectreasonclient_4145040M_P59_114_135,
569,lastrejectreasonclient_4145040M_nan,
650,max_rejectreason_755M_P19_25_34,
664,max_rejectreasonclient_4145042M_P69_72_116,
751,max_incometype_1044T_HANDICAPPED,
804,max_empls_economicalst_849M_P112_86_147,
805,max_empls_economicalst_849M_P148_57_109,
811,max_classificationofcontr_13M_4408ff0f,
813,max_classificationofcontr_13M_be7b251d,
818,max_classificationofcontr_400M_1c2f906f,
819,max_classificationofcontr_400M_34a4286a,
820,max_classificationofcontr_400M_55eb9d11,
821,max_classificationofcontr_400M_5ad7b811,
822,max_classificationofcontr_400M_77c7bdfb,
823,max_classificationofcontr_400M_826d5b48,
824,max_classificationofcontr_400M_87bdbcba,
825,max_classificationofcontr_400M_9158339f,
826,max_classificationofcontr_400M_98dfefeb,
827,max_classificationofcontr_400M_a4b6a70e,
831,max_classificationofcontr_400M_acba4f13,
833,max_classificationofcontr_400M_afc8fa18,
834,max_classificationofcontr_400M_b321ded3,
835,max_classificationofcontr_400M_b46aa032,
836,max_classificationofcontr_400M_bdebff11,
838,max_classificationofcontr_400M_bfb263bd,
840,max_classificationofcontr_400M_c2830c2c,
841,max_classificationofcontr_400M_c7d7bf98,
842,max_classificationofcontr_400M_c92b8c91,
844,max_classificationofcontr_400M_cc12f684,
845,max_classificationofcontr_400M_cf2a5973,
846,max_classificationofcontr_400M_cfdd8b9c,
847,max_classificationofcontr_400M_d08d0168,
848,max_classificationofcontr_400M_d2a43f71,
849,max_classificationofcontr_400M_d390ec0f,
850,max_classificationofcontr_400M_d4a7e588,
851,max_classificationofcontr_400M_d6782292,
856,max_classificationofcontr_400M_de91ca09,
857,max_classificationofcontr_400M_df310bb5,
859,max_classificationofcontr_400M_e2c05ae3,
860,max_classificationofcontr_400M_e42e02c7,
861,max_classificationofcontr_400M_e5957374,
862,max_classificationofcontr_400M_e69bbbcb,
864,max_classificationofcontr_400M_e6fe1970,
866,max_classificationofcontr_400M_ec2a5430,
872,max_classificationofcontr_400M_f276ba7e,
873,max_classificationofcontr_400M_f2d302b1,
875,max_classificationofcontr_400M_f6c40125,
882,max_classificationofcontr_400M_fd56b478,
884,max_classificationofcontr_400M_fef6ef3e,
887,max_contractst_545M_7241344e,
890,max_contractst_545M_ba680094,
893,max_contractst_545M_f7394eb0,
897,max_contractst_964M_731da4bd,
898,max_contractst_964M_74236c35,
899,max_contractst_964M_7640edc3,
900,max_contractst_964M_823dcc3b,
902,max_contractst_964M_83931972,
903,max_contractst_964M_8456b067,
904,max_contractst_964M_866fd1ca,
905,max_contractst_964M_88098bd3,
906,max_contractst_964M_885ce291,
909,max_contractst_964M_89c856d6,
912,max_contractst_964M_98d87078,
915,max_contractst_964M_a13b3828,
916,max_contractst_964M_a1eaca09,
917,max_contractst_964M_a337104c,
922,max_contractst_964M_a8b84c0b,
925,max_contractst_964M_ac49f7e1,
926,max_contractst_964M_ac6dce3c,
927,max_contractst_964M_ad6778a7,
928,max_contractst_964M_adaefd8a,
929,max_contractst_964M_b0a06c3d,
932,max_contractst_964M_b467764d,
933,max_contractst_964M_b55d21ee,
936,max_contractst_964M_b6c22a8c,
943,max_contractst_964M_bfc6289f,
945,max_contractst_964M_c0280514,
949,max_contractst_964M_c40ad59a,
950,max_contractst_964M_c44754ae,
951,max_contractst_964M_c45a5983,
955,max_contractst_964M_ca11076f,
959,max_contractst_964M_ccfa4a87,
961,max_contractst_964M_cf732f81,
967,max_contractst_964M_d78f96b9,
969,max_contractst_964M_dd67cff0,
970,max_contractst_964M_df4cb6f5,
971,max_contractst_964M_df63fbf8,
972,max_contractst_964M_e06c54e4,
975,max_contractst_964M_e48d65a1,
976,max_contractst_964M_e51c6000,
978,max_contractst_964M_e626f221,
979,max_contractst_964M_e6697cc1,
980,max_contractst_964M_e6f25047,
983,max_contractst_964M_ed8c6655,
984,max_contractst_964M_ef4b2e3c,
985,max_contractst_964M_f171a879,
987,max_contractst_964M_f2d363ee,
988,max_contractst_964M_f3f3567a,
992,max_contractst_964M_f8814d77,
993,max_contractst_964M_fb26e94c,
994,max_contractst_964M_fb43439d,
995,max_contractst_964M_fb5bb537,
997,max_contractst_964M_fc8b6663,
998,max_contractst_964M_fc918d85,
1005,max_financialinstitution_382M_7afec4b0,
1006,max_financialinstitution_382M_9a93e20f,
1008,max_financialinstitution_382M_P102_97_118,
1014,max_financialinstitution_382M_P8_56_129,
1015,max_financialinstitution_382M_a0904c48,
1016,max_financialinstitution_382M_a0fa072e,
1017,max_financialinstitution_382M_a24a91cd,
1018,max_financialinstitution_382M_a4166819,
1020,max_financialinstitution_382M_a5145fc8,
1022,max_financialinstitution_382M_a56a8ba1,
1024,max_financialinstitution_382M_a7f63d22,
1034,max_financialinstitution_382M_b28b69e3,
1037,max_financialinstitution_382M_b73034ed,
1038,max_financialinstitution_382M_b886c08a,
1039,max_financialinstitution_382M_bb719b97,
1043,max_financialinstitution_382M_c183e3d7,
1045,max_financialinstitution_382M_c6b2d6a3,
1046,max_financialinstitution_382M_c79c3b45,
1047,max_financialinstitution_382M_cad704d3,
1048,max_financialinstitution_382M_cb4bf9b5,
1052,max_financialinstitution_382M_cda47c70,
1053,max_financialinstitution_382M_cdb46169,
1054,max_financialinstitution_382M_d05e3fde,
1061,max_financialinstitution_382M_d70a15dc,
1064,max_financialinstitution_382M_db73c5b4,
1065,max_financialinstitution_382M_dbb3c814,
1068,max_financialinstitution_382M_dcbb62d1,
1071,max_financialinstitution_382M_dd48faeb,
1072,max_financialinstitution_382M_e1b596cd,
1076,max_financialinstitution_382M_e795b70e,
1078,max_financialinstitution_382M_e916f140,
1079,max_financialinstitution_382M_e9bcbab2,
1082,max_financialinstitution_382M_eb77f8bf,
1084,max_financialinstitution_382M_ec92ab0d,
1085,max_financialinstitution_382M_ecb0cf3d,
1087,max_financialinstitution_382M_edc70773,
1089,max_financialinstitution_382M_ee913009,
1093,max_financialinstitution_382M_efb8d575,
1098,max_financialinstitution_382M_f444d6be,
1101,max_financialinstitution_382M_fa038fc4,
1105,max_financialinstitution_382M_fdb642d7,
1110,max_financialinstitution_591M_9325d851,
1112,max_financialinstitution_591M_a56a8ba1,
1113,max_financialinstitution_591M_a7156135,
1114,max_financialinstitution_591M_a91f3bf3,
1117,max_financialinstitution_591M_afe1ec40,
1118,max_financialinstitution_591M_b311e4b2,
1120,max_financialinstitution_591M_b886c08a,
1121,max_financialinstitution_591M_b89ec6e0,
1123,max_financialinstitution_591M_bbef8ee7,
1124,max_financialinstitution_591M_be223a36,
1125,max_financialinstitution_591M_bf7a9f55,
1131,max_financialinstitution_591M_cc8de998,
1136,max_financialinstitution_591M_d77375d8,
1137,max_financialinstitution_591M_d7907c49,
1141,max_financialinstitution_591M_dbddb6bb,
1145,max_financialinstitution_591M_e2a39b1a,
1149,max_financialinstitution_591M_eb77f8bf,
1150,max_financialinstitution_591M_ec92ab0d,
1151,max_financialinstitution_591M_ee9c55a2,
1152,max_financialinstitution_591M_eeea8313,
1153,max_financialinstitution_591M_efb8d575,
1154,max_financialinstitution_591M_f0606fbf,
1159,max_financialinstitution_591M_fa0f756a,
1160,max_financialinstitution_591M_fa89e91a,
1162,max_financialinstitution_591M_fea0fda3,
1174,min_purposeofcred_426M_8193a6ce,
1177,min_purposeofcred_426M_P188_162_121,
1180,max_purposeofcred_426M_96a8fdfe,
1190,min_purposeofcred_874M_4039fc25,
1196,min_purposeofcred_874M_7ff464db,
1202,max_purposeofcred_874M_5065c2b8,
1204,max_purposeofcred_874M_7ff464db,
1205,max_purposeofcred_874M_89ccf2a3,
1207,max_purposeofcred_874M_P188_162_121,
1220,min_subjectroles_name_541M_9ba4314a,
1222,min_subjectroles_name_541M_ab3c25cf,
1229,min_subjectroles_name_838M_0c42a10e,
1231,min_subjectroles_name_838M_71ddaa88,
